Workbook

Sheet Data
B1: Pintu Masuk | C1: Jumlah Kunjungan Wisatawan Mancanegara per bulan ke Indonesia Menurut Pintu Masuk 2021-2025 (Kunjungan)
C3: 2021 | P3: 2022 | AC3: 2023 | AP3: 2024 | BC3: 2025
C4: Januari | D4: Februari | E4: Maret | F4: April | G4: Mei | H4: Juni | I4: Juli | J4: Agustus | K4: September | L4: Oktober | M4: November | N4: Desember | O4: Tahunan | P4: Januari | Q4: Februari | R4: Maret | S4: April | T4: Mei | U4: Juni | V4: Juli | W4: Agustus | X4: September | Y4: Oktober | Z4: November | AA4: Desember | AB4: Tahunan | AC4: Januari | AD4: Februari | AE4: Maret | AF4: April | AG4: Mei | AH4: Juni | AI4: Juli | AJ4: Agustus | AK4: September | AL4: Oktober | AM4: November | AN4: Desember | AO4: Tahunan | AP4: Januari | AQ4: Februari | AR4: Maret | AS4: April | AT4: Mei | AU4: Juni | AV4: Juli | AW4: Agustus | AX4: September | AY4: Oktober | AZ4: November | BA4: Desember | BB4: Tahunan | BC4: Januari | BD4: Februari | BE4: Maret | BF4: April | BG4: Mei | BH4: Juni | BI4: Juli | BJ4: Agustus | BK4: September | BL4: Oktober | BM4: November | BN4: Desember | BO4: Tahunan | BP4: Total
A5: A | B5: A. Pintu Udara | C5: 1731 | D5: 7110 | E5: 12852 | F5: 18326 | G5: 14040 | H5: 16234 | I5: 7175 | J5: 1609 | K5: 4748 | L5: 15722 | M5: 19909 | N5: 17786 | O5: 137242 | P5: 14555 | Q5: 17834 | R5: 39062 | S5: 97401 | T5: 183830 | U5: 280482 | V5: 387184 | W5: 422500 | X5: 424198 | Y5: 447074 | Z5: 429979 | AA5: 551927 | AB5: 3296026 | AC5: 484497 | AD5: 487449 | AE5: 554665 | AF5: 560434 | AG5: 659065 | AH5: 707476 | AI5: 819496 | AJ5: 826446 | AK5: 777537 | AL5: 707584 | AM5: 656709 | AN5: 731293 | AO5: 7972651 | AP5: 631961 | AQ5: 735072 | AR5: 682439 | AS5: 750085 | AT5: 835722 | AU5: 821654 | AV5: 994583 | AW5: 987547 | AX5: 941903 | AY5: 859747 | AZ5: 756972 | BA5: 832865 | BB5: 9830550 | BC5: 801614 | BD5: 718609 | BE5: 669479 | BF5: 854756 | BG5: 941092 | BH5: 978929 | BI5: 1101619 | BJ5: 1108133 | BK5: 996518 | BL5: 954216 | BM5: 805662 | BN5: 888664 | BO5: 10819291
A6: 1 | B6: Ngurah Rai | C6: 2 | D6: 12 | E6: 3 | F6: 9 | G6: 8 | H6: 1 | I6: 0 | J6: 0 | K6: 0 | L6: 2 | M6: 6 | N6: 0 | O6: 43 | P6: 0 | Q6: 1293 | R6: 14617 | S6: 58315 | T6: 115553 | U6: 181545 | V6: 246442 | W6: 276627 | X6: 291115 | Y6: 305152 | Z6: 287025 | AA6: 376361 | AB6: 2154045 | AC6: 329909 | AD6: 317005 | AE6: 366956 | AF6: 410281 | AG6: 439454 | AH6: 478127 | AI6: 541272 | AJ6: 522063 | AK6: 508297 | AL6: 458845 | AM6: 397522 | AN6: 478382 | AO6: 5248113 | AP6: 414937 | AQ6: 454398 | AR6: 463804 | AS6: 502870 | AT6: 544492 | AU6: 520792 | AV6: 625569 | AW6: 613540 | AX6: 591848 | AY6: 554892 | AZ6: 472714 | BA6: 548685 | BB6: 6308541 | BC6: 526831 | BD6: 444411 | BE6: 464697 | BF6: 587315 | BG6: 602055 | BH6: 637744 | BI6: 697068 | BJ6: 682839 | BK6: 634482 | BL6: 594846 | BM6: 476507 | BN6: 558790 | BO6: 6907585 | BP6: =SUM($BO6,$BB6,$AO6,$AB6,$O6) -> 20618327
A7: 2 | B7: Soekarno-Hatta | C7: 1238 | D7: 5958 | E7: 10188 | F7: 15471 | G7: 12775 | H7: 13448 | I7: 5466 | J7: 1071 | K7: 4081 | L7: 13700 | M7: 18971 | N7: 16696 | O7: 119063 | P7: 14073 | Q7: 15406 | R7: 23320 | S7: 36061 | T7: 57844 | U7: 85587 | V7: 119179 | W7: 121427 | X7: 111033 | Y7: 112527 | Z7: 113729 | AA7: 124475 | AB7: 934661 | AC7: 115101 | AD7: 124803 | AE7: 140859 | AF7: 99289 | AG7: 158550 | AH7: 161114 | AI7: 204000 | AJ7: 218512 | AK7: 190058 | AL7: 181627 | AM7: 186695 | AN7: 172397 | AO7: 1953005 | AP7: 157979 | AQ7: 187641 | AR7: 160917 | AS7: 157409 | AT7: 201574 | AU7: 225985 | AV7: 271680 | AW7: 272849 | AX7: 250852 | AY7: 218170 | AZ7: 212178 | BA7: 207019 | BB7: 2524253 | BC7: 193433 | BD7: 199306 | BE7: 146390 | BF7: 186523 | BG7: 233751 | BH7: 236013 | BI7: 290369 | BJ7: 304970 | BK7: 244404 | BL7: 254968 | BM7: 240330 | BN7: 230381 | BO7: 2760838 | BP7: =SUM($BO7,$BB7,$AO7,$AB7,$O7) -> 8291820
A8: 3 | B8: Juanda | C8: 20 | D8: 69 | E8: 52 | F8: 106 | G8: 160 | H8: 181 | I8: 52 | J8: 10 | K8: 2 | L8: 37 | M8: 0 | N8: 0 | O8: 689 | P8: 0 | Q8: 0 | R8: 57 | S8: 1468 | T8: 4598 | U8: 4722 | V8: 6087 | W8: 8386 | X8: 9152 | Y8: 9415 | Z8: 9644 | AA8: 14264 | AB8: 67793 | AC8: 10777 | AD8: 11882 | AE8: 10606 | AF8: 12361 | AG8: 15734 | AH8: 18025 | AI8: 20303 | AJ8: 25548 | AK8: 25593 | AL8: 21996 | AM8: 22389 | AN8: 23244 | AO8: 218458 | AP8: 17196 | AQ8: 28026 | AR8: 18543 | AS8: 29043 | AT8: 31222 | AU8: 25015 | AV8: 34446 | AW8: 38587 | AX8: 31700 | AY8: 28182 | AZ8: 20820 | BA8: 19265 | BB8: 322045 | BC8: 22119 | BD8: 19205 | BE8: 15647 | BF8: 24800 | BG8: 33409 | BH8: 34092 | BI8: 34421 | BJ8: 37406 | BK8: 32664 | BL8: 29534 | BM8: 21629 | BN8: 25019 | BO8: 329945 | BP8: =SUM($BO8,$BB8,$AO8,$AB8,$O8) -> 938930
A9: 4 | B9: Kualanamu | C9: 11 | D9: 17 | E9: 45 | F9: 22 | G9: 50 | H9: 38 | I9: 28 | J9: 4 | K9: 3 | L9: 0 | M9: 0 | N9: 0 | O9: 218 | P9: 0 | Q9: 0 | R9: 11 | S9: 494 | T9: 3861 | U9: 5165 | V9: 7518 | W9: 10287 | X9: 5895 | Y9: 11454 | Z9: 10615 | AA9: 19198 | AB9: 74498 | AC9: 14146 | AD9: 15072 | AE9: 16106 | AF9: 15497 | AG9: 16262 | AH9: 16527 | AI9: 17478 | AJ9: 20843 | AK9: 15783 | AL9: 14161 | AM9: 16363 | AN9: 18237 | AO9: 196475 | AP9: 14751 | AQ9: 24628 | AR9: 15068 | AS9: 25178 | AT9: 20469 | AU9: 16949 | AV9: 22693 | AW9: 21930 | AX9: 24956 | AY9: 20129 | AZ9: 19145 | BA9: 21142 | BB9: 247038 | BC9: 23011 | BD9: 22546 | BE9: 16881 | BF9: 19709 | BG9: 26183 | BH9: 25183 | BI9: 28306 | BJ9: 29858 | BK9: 29107 | BL9: 24621 | BM9: 20826 | BN9: 23425 | BO9: 289656 | BP9: =SUM($BO9,$BB9,$AO9,$AB9,$O9) -> 807885
A10: 5 | B10: Husein Sastranegara | C10: 0 | D10: 0 | E10: 0 | F10: 0 | G10: 1 | H10: 0 | I10: 0 | J10: 0 | K10: 0 | L10: 0 | M10: 6 | N10: 0 | O10: 7 | P10: 0 | Q10: 0 | R10: 0 | S10: 0 | T10: 0 | U10: 49 | V10: 21 | W10: 15 | X10: 0 | Y10: 0 | Z10: 0 | AA10: 0 | AB10: 85 | AC10: 0 | AD10: 0 | AE10: 0 | AF10: 0 | AG10: 17 | AH10: 24 | AI10: 3 | AJ10: 0 | AK10: 0 | AL10: 0 | AM10: 0 | AN10: 0 | AO10: 44 | AP10: 0 | AQ10: 0 | AR10: 0 | AS10: 0 | AT10: 0 | AU10: 0 | AV10: 22 | AW10: 0 | AX10: 0 | AY10: 0 | AZ10: 0 | BA10: 0 | BB10: 22 | BC10: 0 | BD10: 0 | BE10: 0 | BF10: 0 | BG10: 0 | BH10: 0 | BI10: 0 | BJ10: 0 | BK10: 0 | BL10: 0 | BM10: 0 | BN10: 0 | BO10: 0 | BP10: =SUM($BO10,$BB10,$AO10,$AB10,$O10) -> 158
A11: 6 | B11: Adi Sucipto | C11: 0 | D11: 0 | E11: 0 | F11: 0 | G11: 0 | H11: 0 | I11: 0 | J11: 0 | K11: 0 | L11: 0 | M11: 0 | N11: 0 | O11: 0 | P11: 0 | Q11: 0 | R11: 0 | S11: 35 | T11: 260 | U11: 369 | V11: 809 | W11: 640 | X11: 974 | Y11: 1933 | Z11: 1947 | AA11: 5169 | AB11: 12136 | AC11: 3878 | AD11: 4839 | AE11: 5007 | AF11: 5592 | AG11: 8160 | AH11: 11188 | AI11: 12444 | AJ11: 12974 | AK11: 11855 | AL11: 8536 | AM11: 9675 | AN11: 11338 | AO11: 105486 | AP11: 6879 | AQ11: 9813 | AR11: 6258 | AS11: 8790 | AT11: 11323 | AU11: 8134 | AV11: 11120 | AW11: 10136 | AX11: 9621 | AY11: 7828 | AZ11: 6728 | BA11: 7167 | BB11: 103797 | BC11: 6717 | BD11: 6087 | BE11: 3185 | BF11: 7135 | BG11: 9699 | BH11: 10424 | BI11: 11322 | BJ11: 12554 | BK11: 10960 | BL11: 8712 | BM11: 8005 | BN11: 8017 | BO11: 102817 | BP11: =SUM($BO11,$BB11,$AO11,$AB11,$O11) -> 324236
A12: 7 | B12: Bandara Int. Lombok | C12: 1 | D12: 0 | E12: 2 | F12: 0 | G12: 0 | H12: 0 | I12: 0 | J12: 26 | K12: 0 | L12: 0 | M12: 0 | N12: 0 | O12: 29 | P12: 0 | Q12: 488 | R12: 12 | S12: 0 | T12: 487 | U12: 1011 | V12: 1658 | W12: 2054 | X12: 2251 | Y12: 2226 | Z12: 1921 | AA12: 2914 | AB12: 15022 | AC12: 2202 | AD12: 2355 | AE12: 2099 | AF12: 2903 | AG12: 4848 | AH12: 5721 | AI12: 6433 | AJ12: 6245 | AK12: 6294 | AL12: 5904 | AM12: 5278 | AN12: 7304 | AO12: 57586 | AP12: 4958 | AQ12: 7748 | AR12: 5208 | AS12: 6536 | AT12: 7742 | AU12: 6893 | AV12: 8652 | AW12: 8122 | AX12: 7461 | AY12: 7169 | AZ12: 4947 | BA12: 6108 | BB12: 81544 | BC12: 6295 | BD12: 4926 | BE12: 5441 | BF12: 7812 | BG12: 8641 | BH12: 7784 | BI12: 10512 | BJ12: 10207 | BK12: 9333 | BL12: 9321 | BM12: 6689 | BN12: 7714 | BO12: 94675 | BP12: =SUM($BO12,$BB12,$AO12,$AB12,$O12) -> 248856
A13: 8 | B13: Sam Ratulangi | C13: 433 | D13: 1027 | E13: 2513 | F13: 2685 | G13: 1015 | H13: 2435 | I13: 695 | J13: 5 | K13: 593 | L13: 1952 | M13: 851 | N13: 1035 | O13: 15239 | P13: 466 | Q13: 647 | R13: 1045 | S13: 851 | T13: 843 | U13: 1472 | V13: 1684 | W13: 1758 | X13: 2178 | Y13: 1581 | Z13: 1721 | AA13: 1142 | AB13: 15388 | AC13: 803 | AD13: 1848 | AE13: 4793 | AF13: 4156 | AG13: 3798 | AH13: 3691 | AI13: 3782 | AJ13: 5397 | AK13: 5922 | AL13: 4645 | AM13: 4611 | AN13: 3917 | AO13: 47363 | AP13: 3384 | AQ13: 2615 | AR13: 4045 | AS13: 3451 | AT13: 3427 | AU13: 3424 | AV13: 4743 | AW13: 4436 | AX13: 4791 | AY13: 4674 | AZ13: 4532 | BA13: 4097 | BB13: 47619 | BC13: 3788 | BD13: 3497 | BE13: 4403 | BF13: 4070 | BG13: 3902 | BH13: 3742 | BI13: 5903 | BJ13: 5656 | BK13: 5600 | BL13: 6513 | BM13: 7401 | BN13: 7020 | BO13: 61495 | BP13: =SUM($BO13,$BB13,$AO13,$AB13,$O13) -> 187104
A14: 9 | B14: Minangkabau | C14: 0 | D14: 0 | E14: 0 | F14: 0 | G14: 0 | H14: 0 | I14: 0 | J14: 0 | K14: 0 | L14: 0 | M14: 0 | N14: 0 | O14: 0 | P14: 0 | Q14: 0 | R14: 0 | S14: 0 | T14: 0 | U14: 0 | V14: 0 | W14: 0 | X14: 0 | Y14: 371 | Z14: 709 | AA14: 3062 | AB14: 4142 | AC14: 2878 | AD14: 3590 | AE14: 2765 | AF14: 4100 | AG14: 4624 | AH14: 5226 | AI14: 4946 | AJ14: 5577 | AK14: 5453 | AL14: 4925 | AM14: 5898 | AN14: 6710 | AO14: 56692 | AP14: 4689 | AQ14: 8229 | AR14: 2976 | AS14: 7166 | AT14: 7107 | AU14: 4561 | AV14: 5936 | AW14: 6685 | AX14: 8232 | AY14: 7511 | AZ14: 6041 | BA14: 7550 | BB14: 76683 | BC14: 8490 | BD14: 7810 | BE14: 3649 | BF14: 6270 | BG14: 8312 | BH14: 8621 | BI14: 7674 | BJ14: 8216 | BK14: 9699 | BL14: 7588 | BM14: 6611 | BN14: 7081 | BO14: 90021 | BP14: =SUM($BO14,$BB14,$AO14,$AB14,$O14) -> 227538
A15: 10 | B15: Sultan Syarif Kasim II | C15: 1 | D15: 3 | E15: 8 | F15: 1 | G15: 0 | H15: 88 | I15: 0 | J15: 0 | K15: 0 | L15: 0 | M15: 0 | N15: 0 | O15: 101 | P15: 0 | Q15: 0 | R15: 0 | S15: 0 | T15: 0 | U15: 0 | V15: 32 | W15: 117 | X15: 272 | Y15: 632 | Z15: 955 | AA15: 1977 | AB15: 3985 | AC15: 1624 | AD15: 1914 | AE15: 1697 | AF15: 2453 | AG15: 2293 | AH15: 2447 | AI15: 2111 | AJ15: 2770 | AK15: 2166 | AL15: 2377 | AM15: 2921 | AN15: 2964 | AO15: 27737 | AP15: 2126 | AQ15: 3709 | AR15: 2081 | AS15: 3996 | AT15: 2849 | AU15: 4637 | AV15: 2516 | AW15: 3940 | AX15: 3320 | AY15: 2637 | AZ15: 2485 | BA15: 2800 | BB15: 37096 | BC15: 2684 | BD15: 2446 | BE15: 2612 | BF15: 2793 | BG15: 3277 | BH15: 3443 | BI15: 2688 | BJ15: 3201 | BK15: 3938 | BL15: 3091 | BM15: 3210 | BN15: 3775 | BO15: 37158 | BP15: =SUM($BO15,$BB15,$AO15,$AB15,$O15) -> 106077
A16: 11 | B16: Sultan Iskandar Muda | C16: 0 | D16: 0 | E16: 0 | F16: 1 | G16: 4 | H16: 3 | I16: 1 | J16: 0 | K16: 0 | L16: 0 | M16: 0 | N16: 2 | O16: 11 | P16: 0 | Q16: 0 | R16: 0 | S16: 0 | T16: 0 | U16: 0 | V16: 0 | W16: 0 | X16: 0 | Y16: 257 | Z16: 452 | AA16: 1177 | AB16: 1886 | AC16: 1440 | AD16: 2024 | AE16: 1901 | AF16: 1349 | AG16: 2350 | AH16: 2157 | AI16: 2582 | AJ16: 3108 | AK16: 2481 | AL16: 1875 | AM16: 2577 | AN16: 3461 | AO16: 27305 | AP16: 2379 | AQ16: 4421 | AR16: 1582 | AS16: 2533 | AT16: 2050 | AU16: 2080 | AV16: 2489 | AW16: 3042 | AX16: 3909 | AY16: 3237 | AZ16: 2534 | BA16: 3598 | BB16: 33854 | BC16: 3811 | BD16: 3825 | BE16: 1512 | BF16: 2184 | BG16: 4003 | BH16: 3607 | BI16: 4088 | BJ16: 4305 | BK16: 5390 | BL16: 4257 | BM16: 3627 | BN16: 4217 | BO16: 44826 | BP16: =SUM($BO16,$BB16,$AO16,$AB16,$O16) -> 107882
A17: 12 | B17: Ahmad Yani | C17: 0 | D17: 0 | E17: 2 | F17: 2 | G17: 1 | H17: 3 | I17: 0 | J17: 0 | K17: 0 | L17: 0 | M17: 0 | N17: 0 | O17: 8 | P17: 0 | Q17: 0 | R17: 0 | S17: 0 | T17: 0 | U17: 0 | V17: 0 | W17: 0 | X17: 0 | Y17: 0 | Z17: 0 | AA17: 0 | AB17: 0 | AC17: 1 | AD17: 1 | AE17: 1 | AF17: 0 | AG17: 0 | AH17: 0 | AI17: 0 | AJ17: 0 | AK17: 8 | AL17: 0 | AM17: 0 | AN17: 0 | AO17: 11 | AP17: 0 | AQ17: 2 | AR17: 0 | AS17: 0 | AT17: 0 | AU17: 0 | AV17: 0 | AW17: 0 | AX17: 0 | AY17: 0 | AZ17: 0 | BA17: 0 | BB17: 2 | BC17: 0 | BD17: 0 | BE17: 0 | BF17: 0 | BG17: 0 | BH17: 4 | BI17: 11 | BJ17: 0 | BK17: 1381 | BL17: 1618 | BM17: 1365 | BN17: 1627 | BO17: 6006 | BP17: =SUM($BO17,$BB17,$AO17,$AB17,$O17) -> 6027
... A21: 16 | B21: Pintu Udara Lainnya | C21: 25 | D21: 24 | E21: 39 | F21: 29 | G21: 26 | H21: 37 | I21: 129 | J21: 16 | K21: 69 | L21: 31 | M21: 75 | N21: 53 | O21: 553 | P21: 16 | Q21: 0 | R21: 0 | S21: 13 | T21: 20 | U21: 31 | V21: 2024 | W21: 682 | X21: 623 | Y21: 539 | Z21: 735 | AA21: 658 | AB21: 5341 | AC21: 672 | AD21: 645 | AE21: 953 | AF21: 889 | AG21: 1543 | AH21: 1341 | AI21: 2376 | AJ21: 1796 | AK21: 1840 | AL21: 1518 | AM21: 1585 | AN21: 1831 | AO21: 16989 | AP21: 1941 | AQ21: 2432 | AR21: 1376 | AS21: 1711 | AT21: 2396 | AU21: 2092 | AV21: 3170 | AW21: 2842 | AX21: 3882 | AY21: 4224 | AZ21: 3901 | BA21: 4347 | BB21: 34314 | BC21: 3231 | BD21: 3571 | BE21: 3758 | BF21: 5317 | BG21: 6381 | BH21: 6311 | BI21: 7243 | BJ21: 5969 | BK21: 5195 | BL21: 5074 | BM21: 5353 | BN21: 6069 | BO21: 63472 | BP21: =SUM($BO21,$BB21,$AO21,$AB21,$O21) -> 120669
A22: B | B22: B. Pintu Laut | C22: 37667 | D22: 29300 | E22: 35317 | F22: 30918 | G22: 39720 | H22: 29929 | I22: 35511 | J22: 33497 | K22: 33397 | L22: 38245 | M22: 32741 | N22: 39230 | O22: 415472 | P22: 58442 | Q22: 51539 | R22: 60357 | S22: 69085 | T22: 105719 | U22: 134664 | V22: 184193 | W22: 164918 | X22: 196668 | Y22: 207390 | Z22: 193894 | AA22: 299967 | AB22: 1726836 | AC22: 224851 | AD22: 191063 | AE22: 236181 | AF22: 235660 | AG22: 214326 | AH22: 276039 | AI22: 225106 | AJ22: 220199 | AK22: 212770 | AL22: 186161 | AM22: 190258 | AN22: 291763 | AO22: 2704377 | AP22: 198072 | AQ22: 239718 | AR22: 252013 | AS22: 211716 | AT22: 212718 | AU22: 261165 | AV22: 212433 | AW22: 248758 | AX22: 231748 | AY22: 218620 | AZ22: 223293 | BA22: 264692 | BB22: 2774905 | BC22: 232267 | BD22: 203450 | BE22: 206397 | BF22: 200550 | BG22: 244169 | BH22: 307815 | BI22: 242599 | BJ22: 263040 | BK22: 264693 | BL22: 260124 | BM22: 250166 | BN22: 353577 | BO22: 3028847
A23: 17 | B23: Batam | C23: 260 | D23: 157 | E23: 343 | F23: 191 | G23: 245 | H23: 250 | I23: 153 | J23: 149 | K23: 129 | L23: 158 | M23: 234 | N23: 313 | O23: 2582 | P23: 240 | Q23: 329 | R23: 995 | S23: 8136 | T23: 16741 | U23: 39649 | V23: 56610 | W23: 59750 | X23: 77981 | Y23: 77752 | Z23: 80216 | AA23: 144521 | AB23: 562920 | AC23: 93781 | AD23: 73090 | AE23: 97040 | AF23: 88776 | AG23: 76577 | AH23: 133616 | AI23: 94373 | AJ23: 94601 | AK23: 101470 | AL23: 79646 | AM23: 103497 | AN23: 149218 | AO23: 1185685 | AP23: 77836 | AQ23: 111758 | AR23: 104191 | AS23: 78674 | AT23: 99404 | AU23: 130714 | AV23: 100295 | AW23: 119550 | AX23: 114682 | AY23: 109864 | AZ23: 111306 | BA23: 157945 | BB23: 1316219 | BC23: 123223 | BD23: 103491 | BE23: 99412 | BF23: 99257 | BG23: 139491 | BH23: 166223 | BI23: 121487 | BJ23: 144698 | BK23: 140073 | BL23: 137435 | BM23: 125503 | BN23: 193464 | BO23: 1593757 | BP23: =SUM($BO23,$BB23,$AO23,$AB23,$O23) -> 4661163
A24: 18 | B24: Tanjung Uban | C24: 0 | D24: 0 | E24: 81 | F24: 10 | G24: 20 | H24: 20 | I24: 0 | J24: 0 | K24: 0 | L24: 0 | M24: 51 | N24: 77 | O24: 259 | P24: 88 | Q24: 31 | R24: 367 | S24: 2998 | T24: 5281 | U24: 12509 | V24: 16988 | W24: 13277 | X24: 18218 | Y24: 19932 | Z24: 16473 | AA24: 31367 | AB24: 137529 | AC24: 14957 | AD24: 11265 | AE24: 19018 | AF24: 18547 | AG24: 15001 | AH24: 26345 | AI24: 17619 | AJ24: 19237 | AK24: 20542 | AL24: 16838 | AM24: 16544 | AN24: 26205 | AO24: 222118 | AP24: 11442 | AQ24: 18432 | AR24: 20741 | AS24: 14202 | AT24: 14974 | AU24: 22829 | AV24: 16210 | AW24: 20655 | AX24: 16058 | AY24: 15916 | AZ24: 14933 | BA24: 22213 | BB24: 208605 | BC24: 15791 | BD24: 9815 | BE24: 17619 | BF24: 15254 | BG24: 20284 | BH24: 32073 | BI24: 21939 | BJ24: 24930 | BK24: 20974 | BL24: 22633 | BM24: 16867 | BN24: 35187 | BO24: 253366 | BP24: =SUM($BO24,$BB24,$AO24,$AB24,$O24) -> 821877
A25: 19 | B25: Tanjung Pinang | C25: 0 | D25: 0 | E25: 0 | F25: 0 | G25: 0 | H25: 0 | I25: 0 | J25: 0 | K25: 0 | L25: 0 | M25: 0 | N25: 154 | O25: 154 | P25: 0 | Q25: 4 | R25: 1 | S25: 660 | T25: 1141 | U25: 2758 | V25: 1965 | W25: 2801 | X25: 3716 | Y25: 3912 | Z25: 3117 | AA25: 5475 | AB25: 25550 | AC25: 4973 | AD25: 2663 | AE25: 4043 | AF25: 5324 | AG25: 3391 | AH25: 6086 | AI25: 4010 | AJ25: 4222 | AK25: 4827 | AL25: 5065 | AM25: 5912 | AN25: 7022 | AO25: 57538 | AP25: 2803 | AQ25: 5921 | AR25: 4868 | AS25: 2614 | AT25: 3904 | AU25: 6135 | AV25: 3573 | AW25: 5948 | AX25: 4898 | AY25: 4632 | AZ25: 4388 | BA25: 5788 | BB25: 55472 | BC25: 5583 | BD25: 4095 | BE25: 5218 | BF25: 4995 | BG25: 6071 | BH25: 6603 | BI25: 4620 | BJ25: 4909 | BK25: 4971 | BL25: 5285 | BM25: 4880 | BN25: 6076 | BO25: 63306 | BP25: =SUM($BO25,$BB25,$AO25,$AB25,$O25) -> 202020
A26: 20 | B26: Tanjung Balai Karimun | C26: 0 | D26: 15 | E26: 0 | F26: 0 | G26: 0 | H26: 0 | I26: 0 | J26: 0 | K26: 0 | L26: 0 | M26: 0 | N26: 0 | O26: 15 | P26: 0 | Q26: 0 | R26: 0 | S26: 0 | T26: 659 | U26: 2519 | V26: 4122 | W26: 3139 | X26: 4188 | Y26: 4085 | Z26: 3588 | AA26: 6684 | AB26: 28984 | AC26: 5814 | AD26: 4795 | AE26: 4835 | AF26: 5801 | AG26: 3590 | AH26: 4734 | AI26: 4391 | AJ26: 4173 | AK26: 4345 | AL26: 4298 | AM26: 4683 | AN26: 6634 | AO26: 58093 | AP26: 4050 | AQ26: 7747 | AR26: 5039 | AS26: 6899 | AT26: 5292 | AU26: 6436 | AV26: 5476 | AW26: 6555 | AX26: 6814 | AY26: 6770 | AZ26: 6911 | BA26: 7649 | BB26: 75638 | BC26: 8038 | BD26: 7099 | BE26: 5773 | BF26: 6137 | BG26: 9131 | BH26: 9531 | BI26: 7927 | BJ26: 8272 | BK26: 8364 | BL26: 8541 | BM26: 7938 | BN26: 10212 | BO26: 96963 | BP26: =SUM($BO26,$BB26,$AO26,$AB26,$O26) -> 259693
A27: 21 | B27: Tanjung Benoa | C27: 8 | D27: 0 | E27: 0 | F27: 0 | G27: 0 | H27: 0 | I27: 0 | J27: 0 | K27: 0 | L27: 0 | M27: 0 | N27: 0 | O27: 8 | P27: 3 | Q27: 17 | R27: 3 | S27: 20 | T27: 58 | U27: 80 | V27: 62 | W27: 32 | X27: 46 | Y27: 92 | Z27: 373 | AA27: 914 | AB27: 1700 | AC27: 1876 | AD27: 6505 | AE27: 3738 | AF27: 1229 | AG27: 21 | AH27: 71 | AI27: 81 | AJ27: 78 | AK27: 53 | AL27: 2596 | AM27: 5632 | AN27: 801 | AO27: 22681 | AP27: 853 | AQ27: 879 | AR27: 5423 | AS27: 324 | AT27: 109 | AU27: 106 | AV27: 95 | AW27: 3100 | AX27: 2061 | AY27: 5019 | AZ27: 186 | BA27: 53 | BB27: 18208 | BC27: 976 | BD27: 2219 | BE27: 6154 | BF27: 3906 | BG27: 158 | BH27: 124 | BI27: 39 | BJ27: 27 | BK27: 667 | BL27: 7 | BM27: 6857 | BN27: 6844 | BO27: 27978 | BP27: =SUM($BO27,$BB27,$AO27,$AB27,$O27) -> 70575
A28: 22 | B28: Tanjung Mas | C28: - | D28: - | E28: - | F28: - | G28: - | H28: - | I28: - | J28: - | K28: - | L28: - | M28: - | N28: - | O28: 0 | P28: - | Q28: - | R28: - | S28: - | T28: - | U28: - | V28: - | W28: - | X28: - | Y28: - | Z28: - | AA28: - | AB28: - | AC28: - | AD28: - | AE28: - | AF28: - | AG28: - | AH28: - | AI28: - | AJ28: - | AK28: - | AL28: - | AM28: - | AN28: - | AO28: - | AP28: 0 | AQ28: 0 | AR28: 0 | AS28: 0 | AT28: 0 | AU28: 0 | AV28: 0 | AW28: 0 | AX28: 0 | AY28: 0 | AZ28: 565 | BA28: 1302 | BB28: 1867 | BC28: 640 | BD28: 0 | BE28: 1129 | BF28: 535 | BG28: 0 | BH28: 619 | BI28: 0 | BJ28: 0 | BK28: 0 | BL28: 0 | BM28: 1722 | BN28: 0 | BO28: 4645 | BP28: =SUM($BO28,$BB28,$AO28,$AB28,$O28) -> 6512
A29: 23 | B29: Pintu Laut Lainnya | C29: 37399 | D29: 29128 | E29: 34893 | F29: 30717 | G29: 39455 | H29: 29659 | I29: 35358 | J29: 33348 | K29: 33268 | L29: 38087 | M29: 32456 | N29: 38686 | O29: 412454 | P29: 58111 | Q29: 51158 | R29: 58991 | S29: 57271 | T29: 81839 | U29: 77149 | V29: 104446 | W29: 85919 | X29: 92519 | Y29: 101617 | Z29: 90127 | AA29: 111006 | AB29: 970153 | AC29: 103450 | AD29: 92745 | AE29: 107507 | AF29: 115983 | AG29: 115746 | AH29: 105187 | AI29: 104632 | AJ29: 97888 | AK29: 81533 | AL29: 77718 | AM29: 53990 | AN29: 101883 | AO29: 1158262 | AP29: 101088 | AQ29: 94981 | AR29: 111751 | AS29: 109003 | AT29: 89035 | AU29: 94945 | AV29: 86784 | AW29: 92950 | AX29: 87235 | AY29: 76419 | AZ29: 85004 | BA29: 69742 | BB29: 1098896 | BC29: 78016 | BD29: 76731 | BE29: 71092 | BF29: 70466 | BG29: 69034 | BH29: 92642 | BI29: 86587 | BJ29: 80204 | BK29: 89644 | BL29: 86223 | BM29: 86399 | BN29: 101794 | BO29: 988832 | BP29: =SUM($BO29,$BB29,$AO29,$AB29,$O29) -> 4628597
A30: C | B30: C. Pintu Darat | C30: 87117 | D30: 69378 | E30: 71810 | F30: 63512 | G30: 85673 | H30: 80681 | I30: 84563 | J30: 83427 | K30: 81955 | L30: 92170 | M30: 97927 | N30: 106603 | O30: 1004816 | P30: 63301 | Q30: 48136 | R30: 59210 | S30: 63590 | T30: 65371 | U30: 68737 | V30: 73744 | W30: 83091 | X30: 79740 | Y30: 79764 | Z30: 80910 | AA30: 100575 | AB30: 866169 | AC30: 89121 | AD30: 70924 | AE30: 78398 | AF30: 69717 | AG30: 80323 | AH30: 79276 | AI30: 76587 | AJ30: 85993 | AK30: 79938 | AL30: 84774 | AM30: 84260 | AN30: 121486 | AO30: 1000797 | AP30: 97713 | AQ30: 87359 | AR30: 107409 | AS30: 105157 | AT30: 97059 | AU30: 115122 | AV30: 103740 | AW30: 103641 | AX30: 105607 | AY30: 115500 | AZ30: 111802 | BA30: 131073 | BB30: 1281223 | BC30: 122131 | BD30: 100835 | BE30: 108893 | BF30: 109233 | BG30: 120739 | BH30: 130352 | BI30: 137128 | BJ30: 134047 | BK30: 133699 | BL30: 134653 | BM30: 143179 | BN30: 163619 | BO30: 1538508
A31: 24 | B31: Jayapura | C31: 2 | D31: 2 | E31: 0 | F31: 3 | G31: 0 | H31: 0 | I31: 0 | J31: 0 | K31: 3 | L31: 0 | M31: 0 | N31: 3 | O31: 13 | P31: 0 | Q31: 0 | R31: 0 | S31: 20 | T31: 0 | U31: 0 | V31: 0 | W31: 0 | X31: 0 | Y31: 78 | Z31: 166 | AA31: 184 | AB31: 448 | AC31: 132 | AD31: 86 | AE31: 106 | AF31: 91 | AG31: 8251 | AH31: 9933 | AI31: 7723 | AJ31: 8335 | AK31: 8408 | AL31: 9174 | AM31: 3729 | AN31: 11445 | AO31: 67413 | AP31: 8254 | AQ31: 6903 | AR31: 6515 | AS31: 7129 | AT31: 7305 | AU31: 8577 | AV31: 8544 | AW31: 9481 | AX31: 11649 | AY31: 10715 | AZ31: 11188 | BA31: 14613 | BB31: 110873 | BC31: 12617 | BD31: 11015 | BE31: 5943 | BF31: 9296 | BG31: 9107 | BH31: 10569 | BI31: 11553 | BJ31: 10344 | BK31: 12494 | BL31: 11274 | BM31: 11230 | BN31: 17405 | BO31: 132847 | BP31: =SUM($BO31,$BB31,$AO31,$AB31,$O31) -> 311594
A32: 25 | B32: Atambua | C32: 4 | D32: 26 | E32: 0 | F32: 3 | G32: 13 | H32: 152 | I32: 12 | J32: 12 | K32: 73 | L32: 64 | M32: 142 | N32: 184 | O32: 685 | P32: 234 | Q32: 226 | R32: 317 | S32: 737 | T32: 1203 | U32: 1792 | V32: 1149 | W32: 3120 | X32: 2672 | Y32: 2646 | Z32: 2511 | AA32: 4300 | AB32: 20907 | AC32: 2514 | AD32: 4212 | AE32: 7016 | AF32: 7322 | AG32: 6651 | AH32: 8267 | AI32: 8198 | AJ32: 11895 | AK32: 8942 | AL32: 9700 | AM32: 8838 | AN32: 12678 | AO32: 96233 | AP32: 8426 | AQ32: 7423 | AR32: 8958 | AS32: 9209 | AT32: 9670 | AU32: 11141 | AV32: 11847 | AW32: 10029 | AX32: 8384 | AY32: 13025 | AZ32: 16360 | BA32: 18751 | BB32: 133223 | BC32: 11445 | BD32: 10244 | BE32: 13058 | BF32: 14292 | BG32: 15441 | BH32: 17380 | BI32: 21031 | BJ32: 20318 | BK32: 18282 | BL32: 21420 | BM32: 20476 | BN32: 29738 | BO32: 213125 | BP32: =SUM($BO32,$BB32,$AO32,$AB32,$O32) -> 464173
A33: 26 | B33: Entikong | C33: 6 | D33: 11 | E33: 14 | F33: 2 | G33: 0 | H33: 0 | I33: 1 | J33: 0 | K33: 0 | L33: 0 | M33: 2 | N33: 10 | O33: 46 | P33: 0 | Q33: 0 | R33: 2 | S33: 254 | T33: 556 | U33: 789 | V33: 646 | W33: 745 | X33: 1360 | Y33: 1804 | Z33: 1771 | AA33: 3877 | AB33: 11804 | AC33: 2508 | AD33: 2725 | AE33: 2905 | AF33: 2929 | AG33: 2856 | AH33: 2819 | AI33: 2639 | AJ33: 3488 | AK33: 2418 | AL33: 2274 | AM33: 2364 | AN33: 4522 | AO33: 34447 | AP33: 2366 | AQ33: 4380 | AR33: 2540 | AS33: 4042 | AT33: 3737 | AU33: 2819 | AV33: 3204 | AW33: 3191 | AX33: 4256 | AY33: 3331 | AZ33: 2797 | BA33: 5017 | BB33: 41680 | BC33: 4130 | BD33: 3482 | BE33: 2923 | BF33: 2719 | BG33: 5321 | BH33: 4734 | BI33: 3534 | BJ33: 3803 | BK33: 4446 | BL33: 3135 | BM33: 2880 | BN33: 5269 | BO33: 46376 | BP33: =SUM($BO33,$BB33,$AO33,$AB33,$O33) -> 134353
A34: 27 | B34: Aruk | C34: 3 | D34: 2 | E34: 13 | F34: 1 | G34: 1 | H34: 0 | I34: 1 | J34: 0 | K34: 0 | L34: 1 | M34: 3 | N34: 2 | O34: 27 | P34: 0 | Q34: 0 | R34: 0 | S34: 218 | T34: 622 | U34: 969 | V34: 1792 | W34: 1149 | X34: 1692 | Y34: 2116 | Z34: 1197 | AA34: 3020 | AB34: 12775 | AC34: 2542 | AD34: 2503 | AE34: 2169 | AF34: 3592 | AG34: 2057 | AH34: 2755 | AI34: 1832 | AJ34: 2653 | AK34: 1878 | AL34: 1721 | AM34: 1790 | AN34: 3605 | AO34: 29097 | AP34: 1733 | AQ34: 4433 | AR34: 2400 | AS34: 3521 | AT34: 2225 | AU34: 2878 | AV34: 2926 | AW34: 2819 | AX34: 3680 | AY34: 2376 | AZ34: 2208 | BA34: 3787 | BB34: 34986 | BC34: 3870 | BD34: 3482 | BE34: 3338 | BF34: 2583 | BG34: 3746 | BH34: 4858 | BI34: 2692 | BJ34: 2973 | BK34: 3921 | BL34: 3097 | BM34: 2391 | BN34: 4038 | BO34: 40989 | BP34: =SUM($BO34,$BB34,$AO34,$AB34,$O34) -> 117874
A35: 28 | B35: Nanga Badau | C35: 0 | D35: 0 | E35: 0 | F35: 0 | G35: 0 | H35: 0 | I35: 0 | J35: 0 | K35: 0 | L35: 0 | M35: 0 | N35: 0 | O35: 0 | P35: 0 | Q35: 0 | R35: 0 | S35: 0 | T35: 0 | U35: 0 | V35: 15 | W35: 318 | X35: 425 | Y35: 347 | Z35: 291 | AA35: 1153 | AB35: 2549 | AC35: 718 | AD35: 615 | AE35: 669 | AF35: 735 | AG35: 1324 | AH35: 1045 | AI35: 727 | AJ35: 628 | AK35: 680 | AL35: 674 | AM35: 724 | AN35: 1363 | AO35: 9902 | AP35: 687 | AQ35: 950 | AR35: 965 | AS35: 486 | AT35: 833 | AU35: 1028 | AV35: 940 | AW35: 892 | AX35: 1116 | AY35: 742 | AZ35: 732 | BA35: 1493 | BB35: 10864 | BC35: 1143 | BD35: 935 | BE35: 974 | BF35: 798 | BG35: 1716 | BH35: 1259 | BI35: 1047 | BJ35: 1116 | BK35: 991 | BL35: 918 | BM35: 816 | BN35: 1782 | BO35: 13495 | BP35: =SUM($BO35,$BB35,$AO35,$AB35,$O35) -> 36810
A36: 29 | B36: Pintu Darat Lainnya | C36: 87102 | D36: 69337 | E36: 71783 | F36: 63503 | G36: 85659 | H36: 80529 | I36: 84549 | J36: 83415 | K36: 81879 | L36: 92105 | M36: 97780 | N36: 106404 | O36: 1004045 | P36: 63067 | Q36: 47910 | R36: 58891 | S36: 62361 | T36: 62990 | U36: 65187 | V36: 70142 | W36: 77759 | X36: 73591 | Y36: 72773 | Z36: 74974 | AA36: 88041 | AB36: 817686 | AC36: 80707 | AD36: 60783 | AE36: 65533 | AF36: 55048 | AG36: 59184 | AH36: 54457 | AI36: 55468 | AJ36: 58994 | AK36: 57612 | AL36: 61231 | AM36: 66815 | AN36: 87873 | AO36: 763705 | AP36: 76247 | AQ36: 63270 | AR36: 86031 | AS36: 80770 | AT36: 73289 | AU36: 88679 | AV36: 76279 | AW36: 77229 | AX36: 76522 | AY36: 85311 | AZ36: 78517 | BA36: 87412 | BB36: 949597 | BC36: 88926 | BD36: 71677 | BE36: 82657 | BF36: 79545 | BG36: 85408 | BH36: 91552 | BI36: 97271 | BJ36: 95493 | BK36: 93565 | BL36: 94809 | BM36: 105386 | BN36: 105387 | BO36: 1091676 | BP36: =SUM($BO36,$BB36,$AO36,$AB36,$O36) -> 4626709
A37: D | B37: Jumlah (A+B+C) | C37: 126515 | D37: 105788 | E37: 119979 | F37: 112756 | G37: 139433 | H37: 126844 | I37: 127249 | J37: 118533 | K37: 120100 | L37: 146137 | M37: 150577 | N37: 163619 | O37: 1557530 | P37: 136298 | Q37: 117509 | R37: 158629 | S37: 230076 | T37: 354920 | U37: 483883 | V37: 645121 | W37: 670509 | X37: 700606 | Y37: 734228 | Z37: 704783 | AA37: 952469 | AB37: 5889031 | AC37: 798469 | AD37: 749436 | AE37: 869244 | AF37: 865811 | AG37: 953714 | AH37: 1062791 | AI37: 1121189 | AJ37: 1132638 | AK37: 1070245 | AL37: 978519 | AM37: 931227 | AN37: 1144542 | AO37: 11677825 | AP37: 927746 | AQ37: 1062149 | AR37: 1041861 | AS37: 1066958 | AT37: 1145499 | AU37: 1197941 | AV37: 1310756 | AW37: 1339946 | AX37: 1279258 | AY37: 1193867 | AZ37: 1092067 | BA37: 1228630 | BB37: 13886678 | BC37: 1156012 | BD37: 1022894 | BE37: 984769 | BF37: 1164539 | BG37: 1306000 | BH37: 1417096 | BI37: 1481346 | BJ37: 1505220 | BK37: 1394910 | BL37: 1348993 | BM37: 1199007 | BN37: 1405860 | BO37: 15386646
B38: Lainnya | C38: - | D38: - | E38: - | F38: - | G38: - | H38: - | I38: - | J38: - | K38: - | L38: - | M38: - | N38: - | O38: - | P38: - | Q38: - | R38: - | S38: - | T38: - | U38: - | V38: - | W38: - | X38: - | Y38: - | Z38: - | AA38: - | AB38: - | AC38: - | AD38: - | AE38: - | AF38: - | AG38: - | AH38: - | AI38: - | AJ38: - | AK38: - | AL38: - | AM38: - | AN38: - | AO38: - | AP38: - | AQ38: - | AR38: - | AS38: - | AT38: - | AU38: - | AV38: - | AW38: - | AX38: - | AY38: - | AZ38: - | BA38: 0 | BB38: 0 | BC38: 0 | BD38: 0 | BE38: 0 | BF38: 0 | BG38: 0 | BH38: 0 | BI38: 0 | BJ38: 0 | BK38: 0 | BL38: 0 | BM38: 0 | BN38: 0 | BO38: 0
A39: E | B39: Total | C39: 126515 | D39: 105788 | E39: 119979 | F39: 112756 | G39: 139433 | H39: 126844 | I39: 127249 | J39: 118533 | K39: 120100 | L39: 146137 | M39: 150577 | N39: 163619 | O39: 1557530 | P39: 136298 | Q39: 117509 | R39: 158629 | S39: 230076 | T39: 354920 | U39: 483883 | V39: 645121 | W39: 670509 | X39: 700606 | Y39: 734228 | Z39: 704783 | AA39: 952469 | AB39: 5889031 | AC39: 798469 | AD39: 749436 | AE39: 869244 | AF39: 865811 | AG39: 953714 | AH39: 1062791 | AI39: 1121189 | AJ39: 1132638 | AK39: 1070245 | AL39: 978519 | AM39: 931227 | AN39: 1144542 | AO39: 11677825 | AP39: 927746 | AQ39: 1062149 | AR39: 1041861 | AS39: 1066958 | AT39: 1145499 | AU39: 1197941 | AV39: 1310756 | AW39: 1339946 | AX39: 1279258 | AY39: 1193867 | AZ39: 1092067 | BA39: 1228630 | BB39: 13886678 | BC39: 1156012 | BD39: 1022894 | BE39: 984769 | BF39: 1164539 | BG39: 1306000 | BH39: 1417096 | BI39: 1481346 | BJ39: 1505220 | BK39: 1394910 | BL39: 1348993 | BM39: 1199007 | BN39: 1405860 | BO39: 15386646
B41: Kebangsaan | C41: Jumlah Kunjungan Wisatawan Mancanegara per bulan ke Indonesia Menurut Kebangsaan (Kunjungan)
C43: 2021 | P43: 2022 | AC43: 2023 | AP43: 2024 | BC43: 2025
C44: Januari | D44: Februari | E44: Maret | F44: April | G44: Mei | H44: Juni | I44: Juli | J44: Agustus | K44: September | L44: Oktober | M44: November | N44: Desember | O44: Tahunan | P44: Januari | Q44: Februari | R44: Maret | S44: April | T44: Mei | U44: Juni | V44: Juli | W44: Agustus | X44: September | Y44: Oktober | Z44: November | AA44: Desember | AB44: Tahunan | AC44: Januari | AD44: Februari | AE44: Maret | AF44: April | AG44: Mei | AH44: Juni | AI44: Juli | AJ44: Agustus | AK44: September | AL44: Oktober | AM44: November | AN44: Desember | AO44: Tahunan | AP44: Januari | AQ44: Februari | AR44: Maret | AS44: April | AT44: Mei | AU44: Juni | AV44: Juli | AW44: Agustus | AX44: September | AY44: Oktober | AZ44: November | BA44: Desember | BB44: Tahunan | BC44: Januari | BD44: Februari | BE44: Maret | BF44: April | BG44: Mei | BH44: Juni | BI44: Juli | BJ44: Agustus | BK44: September | BL44: Oktober | BM44: November | BN44: Desember | BO44: Tahunan | BP44: Total
A45: 1 | B45: Malaysia | C45: 44001 | D45: 34425 | E45: 37095 | F45: 35871 | G45: 45322 | H45: 34345 | I45: 41913 | J45: 37530 | K45: 37946 | L45: 44113 | M45: 39434 | N45: 48728 | O45: 480723 | P45: 55214 | Q45: 46894 | R45: 54006 | S45: 63079 | T45: 95099 | U45: 95277 | V45: 124849 | W45: 112314 | X45: 124445 | Y45: 131169 | Z45: 121035 | AA45: 189193 | AB45: 1212574 | AC45: 140071 | AD45: 150078 | AE45: 152447 | AF45: 147248 | AG45: 169185 | AH45: 168759 | AI45: 154967 | AJ45: 174788 | AK45: 152210 | AL45: 138597 | AM45: 141746 | AN45: 211146 | AO45: 1901242 | AP45: 155213 | AQ45: 218057 | AR45: 160269 | AS45: 170644 | AT45: 200070 | AU45: 183696 | AV45: 177711 | AW45: 188752 | AX45: 234466 | AY45: 194099 | AZ45: 174265 | BA45: 213314 | BB45: 2270556 | BC45: 221474 | BD45: 214605 | BE45: 159895 | BF45: 170018 | BG45: 238497 | BH45: 236417 | BI45: 212113 | BJ45: 229726 | BK45: 272421 | BL45: 234384 | BM45: 207037 | BN45: 243162 | BO45: 2639749 | BP45: =SUM($BO45,$BB45,$AO45,$AB45,$O45) -> 8504844
A46: 2 | B46: Singapore | C46: 2107 | D46: 1864 | E46: 2396 | F46: 2541 | G46: 2293 | H46: 1049 | I46: 980 | J46: 946 | K46: 729 | L46: 1142 | M46: 1462 | N46: 1195 | O46: 18704 | P46: 2199 | Q46: 2237 | R46: 5335 | S46: 15106 | T46: 27671 | U46: 57218 | V46: 67758 | W46: 70621 | X46: 95549 | Y46: 94172 | Z46: 107705 | AA46: 191226 | AB46: 736797 | AC46: 107735 | AD46: 84358 | AE46: 124340 | AF46: 97280 | AG46: 100729 | AH46: 174443 | AI46: 109847 | AJ46: 105456 | AK46: 114713 | AL46: 89770 | AM46: 118005 | AN46: 187771 | AO46: 1414447 | AP46: 87248 | AQ46: 114301 | AR46: 120040 | AS46: 81225 | AT46: 111021 | AU46: 157085 | AV46: 102322 | AW46: 125512 | AX46: 106963 | AY46: 106307 | AZ46: 120449 | BA46: 172825 | BB46: 1405298 | BC46: 110484 | BD46: 89757 | BE46: 100883 | BF46: 97506 | BG46: 126391 | BH46: 183748 | BI46: 114224 | BJ46: 129864 | BK46: 119237 | BL46: 123578 | BM46: 126254 | BN46: 204512 | BO46: 1526438 | BP46: =SUM($BO46,$BB46,$AO46,$AB46,$O46) -> 5101684
A47: 3 | B47: Timor Leste | C47: 68451 | D47: 54211 | E47: 59389 | F47: 48447 | G47: 70265 | H47: 68475 | I47: 69516 | J47: 70216 | K47: 69080 | L47: 76086 | M47: 80377 | N47: 84975 | O47: 819488 | P47: 53089 | Q47: 41515 | R47: 50301 | S47: 49995 | T47: 51121 | U47: 54644 | V47: 58905 | W47: 68777 | X47: 66734 | Y47: 66134 | Z47: 67327 | AA47: 75238 | AB47: 703780 | AC47: 70414 | AD47: 55948 | AE47: 63596 | AF47: 61077 | AG47: 60508 | AH47: 52719 | AI47: 55991 | AJ47: 64285 | AK47: 57560 | AL47: 58891 | AM47: 62139 | AN47: 65458 | AO47: 728586 | AP47: 55324 | AQ47: 43190 | AR47: 62800 | AS47: 61926 | AT47: 59049 | AU47: 71935 | AV47: 67615 | AW47: 68142 | AX47: 66374 | AY47: 76566 | AZ47: 75184 | BA47: 78041 | BB47: 786146 | BC47: 75735 | BD47: 61770 | BE47: 63471 | BF47: 69721 | BG47: 80809 | BH47: 82296 | BI47: 90840 | BJ47: 89516 | BK47: 86861 | BL47: 90077 | BM47: 98987 | BN47: 119098 | BO47: 1009181 | BP47: =SUM($BO47,$BB47,$AO47,$AB47,$O47) -> 4047181
A48: 4 | B48: Indonesia | C48: 935 | D48: 664 | E48: 1214 | F48: 263 | G48: 927 | H48: 779 | I48: 709 | J48: 571 | K48: 571 | L48: 647 | M48: 1185 | N48: 1487 | O48: 9952 | P48: 699 | Q48: 1007 | R48: 3224 | S48: 7511 | T48: 13940 | U48: 21759 | V48: 26884 | W48: 24229 | X48: 26041 | Y48: 27316 | Z48: 27417 | AA48: 37587 | AB48: 217614 | AC48: 38670 | AD48: 25344 | AE48: 31522 | AF48: 38683 | AG48: 29708 | AH48: 32710 | AI48: 34472 | AJ48: 37142 | AK48: 32324 | AL48: 36113 | AM48: 37255 | AN48: 45550 | AO48: 419493 | AP48: 35180 | AQ48: 52856 | AR48: 37114 | AS48: 75260 | AT48: 37471 | AU48: 41184 | AV48: 43957 | AW48: 51760 | AX48: 45473 | AY48: 47457 | AZ48: 45300 | BA48: 53876 | BB48: 566888 | BC48: 46451 | BD48: 42534 | BE48: 35310 | BF48: 45118 | BG48: 51180 | BH48: 69252 | BI48: 55391 | BJ48: 62962 | BK48: 54550 | BL48: 58476 | BM48: 50980 | BN48: 59812 | BO48: 632016 | BP48: =SUM($BO48,$BB48,$AO48,$AB48,$O48) -> 1845963
A49: 5 | B49: Philippines | C49: 779 | D49: 679 | E49: 1014 | F49: 995 | G49: 972 | H49: 670 | I49: 483 | J49: 438 | K49: 511 | L49: 831 | M49: 1148 | N49: 855 | O49: 9375 | P49: 1405 | Q49: 1461 | R49: 2030 | S49: 2853 | T49: 3900 | U49: 5811 | V49: 7827 | W49: 7996 | X49: 9185 | Y49: 10751 | Z49: 11416 | AA49: 13801 | AB49: 78436 | AC49: 14722 | AD49: 13402 | AE49: 14964 | AF49: 15858 | AG49: 16911 | AH49: 19091 | AI49: 20868 | AJ49: 19265 | AK49: 18237 | AL49: 17554 | AM49: 18299 | AN49: 20287 | AO49: 209458 | AP49: 16937 | AQ49: 18367 | AR49: 20469 | AS49: 17726 | AT49: 19462 | AU49: 22242 | AV49: 22369 | AW49: 22214 | AX49: 19437 | AY49: 19940 | AZ49: 20318 | BA49: 18929 | BB49: 238410 | BC49: 16370 | BD49: 15505 | BE49: 15457 | BF49: 18652 | BG49: 23264 | BH49: 24580 | BI49: 22132 | BJ49: 22278 | BK49: 20437 | BL49: 22948 | BM49: 22054 | BN49: 23051 | BO49: 246728 | BP49: =SUM($BO49,$BB49,$AO49,$AB49,$O49) -> 782407
A50: 6 | B50: Thailand | C50: 258 | D50: 301 | E50: 327 | F50: 418 | G50: 423 | H50: 299 | I50: 225 | J50: 225 | K50: 265 | L50: 389 | M50: 427 | N50: 435 | O50: 3992 | P50: 832 | Q50: 600 | R50: 1019 | S50: 1465 | T50: 2666 | U50: 4882 | V50: 7632 | W50: 7234 | X50: 7430 | Y50: 10471 | Z50: 8154 | AA50: 8743 | AB50: 61128 | AC50: 7768 | AD50: 7823 | AE50: 9411 | AF50: 7320 | AG50: 8798 | AH50: 8913 | AI50: 12368 | AJ50: 10567 | AK50: 9228 | AL50: 10540 | AM50: 9228 | AN50: 9822 | AO50: 111786 | AP50: 8449 | AQ50: 8666 | AR50: 8691 | AS50: 9791 | AT50: 11081 | AU50: 9971 | AV50: 11744 | AW50: 11870 | AX50: 10458 | AY50: 10646 | AZ50: 8908 | BA50: 7918 | BB50: 118193 | BC50: 6043 | BD50: 7262 | BE50: 6536 | BF50: 10073 | BG50: 11683 | BH50: 9490 | BI50: 11397 | BJ50: 11953 | BK50: 10099 | BL50: 11124 | BM50: 8423 | BN50: 8054 | BO50: 112137 | BP50: =SUM($BO50,$BB50,$AO50,$AB50,$O50) -> 407236
A51: 7 | B51: Vietnam | C51: 141 | D51: 167 | E51: 155 | F51: 196 | G51: 164 | H51: 131 | I51: 147 | J51: 134 | K51: 122 | L51: 160 | M51: 214 | N51: 277 | O51: 2008 | P51: 309 | Q51: 490 | R51: 531 | S51: 981 | T51: 1846 | U51: 6402 | V51: 10559 | W51: 12097 | X51: 10377 | Y51: 9484 | Z51: 7434 | AA51: 7557 | AB51: 68067 | AC51: 8769 | AD51: 8810 | AE51: 10399 | AF51: 9874 | AG51: 9719 | AH51: 12842 | AI51: 14278 | AJ51: 12808 | AK51: 9368 | AL51: 7837 | AM51: 8077 | AN51: 9098 | AO51: 121879 | AP51: 6772 | AQ51: 9566 | AR51: 9151 | AS51: 9690 | AT51: 10191 | AU51: 9013 | AV51: 11274 | AW51: 11042 | AX51: 8442 | AY51: 7062 | AZ51: 6782 | BA51: 5916 | BB51: 104901 | BC51: 5821 | BD51: 6781 | BE51: 6087 | BF51: 7446 | BG51: 7151 | BH51: 7736 | BI51: 9192 | BJ51: 9152 | BK51: 6963 | BL51: 6802 | BM51: 7182 | BN51: 7085 | BO51: 87398 | BP51: =SUM($BO51,$BB51,$AO51,$AB51,$O51) -> 384253
A52: 8 | B52: Myanmar/Burma | C52: 368 | D52: 293 | E52: 259 | F52: 291 | G52: 259 | H52: 233 | I52: 186 | J52: 183 | K52: 168 | L52: 254 | M52: 283 | N52: 316 | O52: 3093 | P52: 507 | Q52: 434 | R52: 578 | S52: 726 | T52: 1106 | U52: 1728 | V52: 2402 | W52: 2179 | X52: 2229 | Y52: 3131 | Z52: 2879 | AA52: 4738 | AB52: 22637 | AC52: 4255 | AD52: 2156 | AE52: 2651 | AF52: 3867 | AG52: 2660 | AH52: 3714 | AI52: 3137 | AJ52: 3531 | AK52: 3614 | AL52: 3120 | AM52: 3408 | AN52: 4807 | AO52: 40920 | AP52: 2818 | AQ52: 4176 | AR52: 3932 | AS52: 4778 | AT52: 4379 | AU52: 4779 | AV52: 3771 | AW52: 4120 | AX52: 3768 | AY52: 3957 | AZ52: 3874 | BA52: 4866 | BB52: 49218 | BC52: 5235 | BD52: 3061 | BE52: 4020 | BF52: 5293 | BG52: 4837 | BH52: 5271 | BI52: 4468 | BJ52: 5035 | BK52: 4517 | BL52: 4779 | BM52: 4440 | BN52: 6191 | BO52: 57147 | BP52: =SUM($BO52,$BB52,$AO52,$AB52,$O52) -> 173015
A53: 9 | B53: Brunei Darussalam | C53: 4 | D53: 9 | E53: 6 | F53: 46 | G53: 3 | H53: 13 | I53: 6 | J53: 7 | K53: 11 | L53: 11 | M53: 17 | N53: 11 | O53: 144 | P53: 17 | Q53: 6 | R53: 28 | S53: 53 | T53: 169 | U53: 254 | V53: 349 | W53: 543 | X53: 488 | Y53: 486 | Z53: 748 | AA53: 1657 | AB53: 4798 | AC53: 603 | AD53: 831 | AE53: 928 | AF53: 740 | AG53: 894 | AH53: 969 | AI53: 1151 | AJ53: 1795 | AK53: 924 | AL53: 902 | AM53: 1106 | AN53: 2675 | AO53: 13518 | AP53: 747 | AQ53: 1251 | AR53: 999 | AS53: 857 | AT53: 1359 | AU53: 1012 | AV53: 1599 | AW53: 2805 | AX53: 1474 | AY53: 1452 | AZ53: 1891 | BA53: 4365 | BB53: 19811 | BC53: 2095 | BD53: 2226 | BE53: 1314 | BF53: 1789 | BG53: 2563 | BH53: 3348 | BI53: 2267 | BJ53: 3659 | BK53: 2058 | BL53: 2158 | BM53: 2735 | BN53: 5585 | BO53: 31797 | BP53: =SUM($BO53,$BB53,$AO53,$AB53,$O53) -> 70068
A54: 10 | B54: Kamboja | C54: 2 | D54: 5 | E54: 13 | F54: 36 | G54: 18 | H54: 25 | I54: 22 | J54: 19 | K54: 14 | L54: 33 | M54: 17 | N54: 24 | O54: 228 | P54: 45 | Q54: 42 | R54: 56 | S54: 84 | T54: 223 | U54: 319 | V54: 830 | W54: 549 | X54: 568 | Y54: 648 | Z54: 913 | AA54: 668 | AB54: 4945 | AC54: 772 | AD54: 937 | AE54: 844 | AF54: 925 | AG54: 1382 | AH54: 1038 | AI54: 1271 | AJ54: 1083 | AK54: 1056 | AL54: 1065 | AM54: 1410 | AN54: 828 | AO54: 12611 | AP54: 737 | AQ54: 790 | AR54: 778 | AS54: 923 | AT54: 935 | AU54: 822 | AV54: 995 | AW54: 876 | AX54: 1039 | AY54: 825 | AZ54: 1037 | BA54: 740 | BB54: 10497 | BC54: 725 | BD54: 762 | BE54: 741 | BF54: 892 | BG54: 804 | BH54: 798 | BI54: 1031 | BJ54: 986 | BK54: 813 | BL54: 1104 | BM54: 1393 | BN54: 900 | BO54: 10949 | BP54: =SUM($BO54,$BB54,$AO54,$AB54,$O54) -> 39230
A55: 11 | B55: Laos | C55: 1 | D55: 0 | E55: 0 | F55: 3 | G55: 0 | H55: 1 | I55: 0 | J55: 0 | K55: 0 | L55: 0 | M55: 1 | N55: 1 | O55: 7 | P55: 6 | Q55: 3 | R55: 14 | S55: 12 | T55: 41 | U55: 83 | V55: 215 | W55: 78 | X55: 112 | Y55: 191 | Z55: 168 | AA55: 179 | AB55: 1102 | AC55: 173 | AD55: 218 | AE55: 231 | AF55: 211 | AG55: 317 | AH55: 213 | AI55: 334 | AJ55: 495 | AK55: 310 | AL55: 368 | AM55: 322 | AN55: 204 | AO55: 3396 | AP55: 169 | AQ55: 211 | AR55: 198 | AS55: 261 | AT55: 255 | AU55: 283 | AV55: 268 | AW55: 312 | AX55: 338 | AY55: 240 | AZ55: 214 | BA55: 202 | BB55: 2951 | BC55: 137 | BD55: 235 | BE55: 185 | BF55: 425 | BG55: 342 | BH55: 270 | BI55: 335 | BJ55: 412 | BK55: 268 | BL55: 270 | BM55: 298 | BN55: 224 | BO55: 3401 | BP55: =SUM($BO55,$BB55,$AO55,$AB55,$O55) -> 10857
A56: A | B56: A S E A N | C56: 117047 | D56: 92618 | E56: 101868 | F56: 89107 | G56: 120646 | H56: 106020 | I56: 114187 | J56: 110269 | K56: 109417 | L56: 123666 | M56: 124565 | N56: 138304 | O56: 1347714 | P56: 114322 | Q56: 94689 | R56: 117122 | S56: 141865 | T56: 197782 | U56: 248377 | V56: 308210 | W56: 306617 | X56: 343158 | Y56: 353953 | Z56: 355196 | AA56: 530587 | AB56: 3111878 | AC56: 393952 | AD56: 349905 | AE56: 411333 | AF56: 383083 | AG56: 400811 | AH56: 475411 | AI56: 408684 | AJ56: 431215 | AK56: 399544 | AL56: 364757 | AM56: 400995 | AN56: 557646 | AO56: 4977336 | AP56: 369594 | AQ56: 471431 | AR56: 424441 | AS56: 433081 | AT56: 455273 | AU56: 502022 | AV56: 443625 | AW56: 487405 | AX56: 498232 | AY56: 468551 | AZ56: 458222 | BA56: 560992 | BB56: 5572869 | BC56: 490570 | BD56: 444498 | BE56: 393899 | BF56: 426933 | BG56: 547521 | BH56: 623206 | BI56: 523390 | BJ56: 565543 | BK56: 578224 | BL56: 555700 | BM56: 529783 | BN56: 677674 | BO56: 6356941
A57: 12 | B57: Tiongkok | C57: 1353 | D57: 2703 | E57: 8272 | F57: 9639 | G57: 4961 | H57: 6421 | I57: 2941 | J57: 897 | K57: 2119 | L57: 6005 | M57: 4889 | N57: 4513 | O57: 54713 | P57: 3768 | Q57: 4307 | R57: 6666 | S57: 6983 | T57: 8702 | U57: 13569 | V57: 16228 | W57: 16441 | X57: 18239 | Y57: 19846 | Z57: 22451 | AA57: 32178 | AB57: 169378 | AC57: 30036 | AD57: 36434 | AE57: 54549 | AF57: 55090 | AG57: 64056 | AH57: 62499 | AI57: 84955 | AJ57: 85198 | AK57: 88758 | AL57: 75326 | AM57: 75486 | AN57: 75537 | AO57: 787924 | AP57: 81691 | AQ57: 110320 | AR57: 94364 | AS57: 85957 | AT57: 98631 | AU57: 98228 | AV57: 126108 | AW57: 126084 | AX57: 114260 | AY57: 95299 | AZ57: 85255 | BA57: 81337 | BB57: 1197534 | BC57: 111226 | BD57: 89302 | BE57: 84497 | BF57: 106553 | BG57: 114706 | BH57: 113520 | BI57: 144531 | BJ57: 140667 | BK57: 113264 | BL57: 119617 | BM57: 105505 | BN57: 100686 | BO57: 1344074 | BP57: =SUM($BO57,$BB57,$AO57,$AB57,$O57) -> 3553623
A58: 13 | B58: India | C58: 349 | D58: 558 | E58: 539 | F58: 826 | G58: 244 | H58: 211 | I58: 176 | J58: 165 | K58: 184 | L58: 949 | M58: 1301 | N58: 1168 | O58: 6670 | P58: 1253 | Q58: 1064 | R58: 1832 | S58: 7274 | T58: 18011 | U58: 26892 | V58: 29307 | W58: 32192 | X58: 35160 | Y58: 38818 | Z58: 38234 | AA58: 51777 | AB58: 281814 | AC58: 34363 | AD58: 37938 | AE58: 40989 | AF58: 48747 | AG58: 62680 | AH58: 68853 | AI58: 54906 | AJ58: 48472 | AK58: 50773 | AL58: 49132 | AM58: 47667 | AN58: 61919 | AO58: 606439 | AP58: 42713 | AQ58: 48778 | AR58: 55112 | AS58: 55621 | AT58: 81095 | AU58: 75212 | AV58: 59172 | AW58: 57266 | AX58: 53495 | AY58: 56210 | AZ58: 58394 | BA58: 67139 | BB58: 710207 | BC58: 47600 | BD58: 49028 | BE58: 54564 | BF58: 61694 | BG58: 84381 | BH58: 80992 | BI58: 59775 | BJ58: 54902 | BK58: 55809 | BL58: 55387 | BM58: 57486 | BN58: 72872 | BO58: 734490 | BP58: =SUM($BO58,$BB58,$AO58,$AB58,$O58) -> 2339620
A59: 14 | B59: South Korea | C59: 207 | D59: 676 | E59: 842 | F59: 1119 | G59: 799 | H59: 813 | I59: 280 | J59: 164 | K59: 364 | L59: 1281 | M59: 1681 | N59: 1271 | O59: 9497 | P59: 1135 | Q59: 1229 | R59: 1655 | S59: 3129 | T59: 5537 | U59: 8062 | V59: 13054 | W59: 13778 | X59: 14756 | Y59: 18487 | Z59: 19238 | AA59: 22161 | AB59: 122221 | AC59: 27405 | AD59: 24817 | AE59: 21512 | AF59: 18436 | AG59: 26271 | AH59: 27036 | AI59: 38225 | AJ59: 36342 | AK59: 36069 | AL59: 31018 | AM59: 29216 | AN59: 30838 | AO59: 347185 | AP59: 39195 | AQ59: 33617 | AR59: 24972 | AS59: 28160 | AT59: 32031 | AU59: 33439 | AV59: 46697 | AW59: 42835 | AX59: 38321 | AY59: 36783 | AZ59: 37627 | BA59: 42298 | BB59: 435975 | BC59: 47814 | BD59: 39362 | BE59: 27278 | BF59: 33281 | BG59: 38581 | BH59: 41529 | BI59: 54261 | BJ59: 49382 | BK59: 41605 | BL59: 46778 | BM59: 38153 | BN59: 38838 | BO59: 496862 | BP59: =SUM($BO59,$BB59,$AO59,$AB59,$O59) -> 1411740
A60: 15 | B60: Japan | C60: 79 | D60: 422 | E60: 284 | F60: 628 | G60: 929 | H60: 731 | I60: 88 | J60: 37 | K60: 288 | L60: 737 | M60: 821 | N60: 908 | O60: 5952 | P60: 1022 | Q60: 783 | R60: 1399 | S60: 2587 | T60: 3733 | U60: 5218 | V60: 7713 | W60: 9507 | X60: 8948 | Y60: 9237 | Z60: 10631 | AA60: 13135 | AB60: 73913 | AC60: 12256 | AD60: 15841 | AE60: 17016 | AF60: 13090 | AG60: 18368 | AH60: 17850 | AI60: 23299 | AJ60: 34878 | AK60: 29611 | AL60: 23157 | AM60: 22940 | AN60: 23560 | AO60: 251866 | AP60: 19322 | AQ60: 26585 | AR60: 26954 | AS60: 21021 | AT60: 23586 | AU60: 25972 | AV60: 29769 | AW60: 44022 | AX60: 37396 | AY60: 28367 | AZ60: 26124 | BA60: 29782 | BB60: 338900 | BC60: 22041 | BD60: 30450 | BE60: 29533 | BF60: 23534 | BG60: 25758 | BH60: 29569 | BI60: 34433 | BJ60: 50977 | BK60: 39664 | BL60: 33001 | BM60: 28149 | BN60: 32970 | BO60: 380079 | BP60: =SUM($BO60,$BB60,$AO60,$AB60,$O60) -> 1050710
A61: 16 | B61: Turki | C61: 27 | D61: 63 | E61: 62 | F61: 101 | G61: 107 | H61: 117 | I61: 40 | J61: 17 | K61: 55 | L61: 122 | M61: 278 | N61: 133 | O61: 1122 | P61: 146 | Q61: 147 | R61: 317 | S61: 814 | T61: 1290 | U61: 1300 | V61: 1594 | W61: 1686 | X61: 1683 | Y61: 1679 | Z61: 1934 | AA61: 1834 | AB61: 14424 | AC61: 2323 | AD61: 1673 | AE61: 2093 | AF61: 2278 | AG61: 2339 | AH61: 3713 | AI61: 2448 | AJ61: 2719 | AK61: 3041 | AL61: 2681 | AM61: 2650 | AN61: 2475 | AO61: 30433 | AP61: 3625 | AQ61: 3047 | AR61: 2524 | AS61: 5411 | AT61: 3695 | AU61: 5874 | AV61: 4467 | AW61: 4468 | AX61: 4970 | AY61: 4333 | AZ61: 4126 | BA61: 3474 | BB61: 50014 | BC61: 4796 | BD61: 4054 | BE61: 4913 | BF61: 4538 | BG61: 6668 | BH61: 7714 | BI61: 6146 | BJ61: 6073 | BK61: 6945 | BL61: 5527 | BM61: 5349 | BN61: 4179 | BO61: 66902 | BP61: =SUM($BO61,$BB61,$AO61,$AB61,$O61) -> 162895
A62: 17 | B62: Mongolia | C62: 0 | D62: 0 | E62: 1 | F62: 0 | G62: 2 | H62: 0 | I62: 0 | J62: 0 | K62: 0 | L62: 4 | M62: 2 | N62: 3 | O62: 12 | P62: 3 | Q62: 3 | R62: 12 | S62: 10 | T62: 36 | U62: 19 | V62: 84 | W62: 85 | X62: 58 | Y62: 103 | Z62: 110 | AA62: 183 | AB62: 706 | AC62: 162 | AD62: 151 | AE62: 71 | AF62: 162 | AG62: 356 | AH62: 146 | AI62: 166 | AJ62: 114 | AK62: 99 | AL62: 170 | AM62: 189 | AN62: 537 | AO62: 2323 | AP62: 706 | AQ62: 279 | AR62: 285 | AS62: 228 | AT62: 190 | AU62: 156 | AV62: 330 | AW62: 422 | AX62: 267 | AY62: 259 | AZ62: 547 | BA62: 1181 | BB62: 4850 | BC62: 2043 | BD62: 753 | BE62: 540 | BF62: 426 | BG62: 269 | BH62: 373 | BI62: 434 | BJ62: 292 | BK62: 379 | BL62: 604 | BM62: 725 | BN62: 2870 | BO62: 9708 | BP62: =SUM($BO62,$BB62,$AO62,$AB62,$O62) -> 17599
A63: 18 | B63: Kazakhstan | C63: 0 | D63: 32 | E63: 22 | F63: 30 | G63: 42 | H63: 55 | I63: 30 | J63: 4 | K63: 8 | L63: 21 | M63: 36 | N63: 98 | O63: 378 | P63: 62 | Q63: 46 | R63: 104 | S63: 97 | T63: 113 | U63: 219 | V63: 149 | W63: 173 | X63: 158 | Y63: 202 | Z63: 381 | AA63: 578 | AB63: 2282 | AC63: 734 | AD63: 557 | AE63: 513 | AF63: 506 | AG63: 630 | AH63: 662 | AI63: 771 | AJ63: 664 | AK63: 601 | AL63: 624 | AM63: 734 | AN63: 1202 | AO63: 8198 | AP63: 1411 | AQ63: 1254 | AR63: 1453 | AS63: 1490 | AT63: 1474 | AU63: 1708 | AV63: 2234 | AW63: 1622 | AX63: 1361 | AY63: 1508 | AZ63: 1821 | BA63: 2072 | BB63: 19408 | BC63: 2764 | BD63: 2153 | BE63: 1789 | BF63: 1861 | BG63: 1486 | BH63: 1781 | BI63: 2422 | BJ63: 2076 | BK63: 1347 | BL63: 2060 | BM63: 2028 | BN63: 2657 | BO63: 24424 | BP63: =SUM($BO63,$BB63,$AO63,$AB63,$O63) -> 54690
A64: 19 | B64: Pakistan | C64: 27 | D64: 71 | E64: 51 | F64: 101 | G64: 69 | H64: 98 | I64: 67 | J64: 15 | K64: 53 | L64: 113 | M64: 146 | N64: 163 | O64: 974 | P64: 142 | Q64: 176 | R64: 199 | S64: 153 | T64: 291 | U64: 445 | V64: 413 | W64: 578 | X64: 527 | Y64: 637 | Z64: 860 | AA64: 826 | AB64: 5247 | AC64: 893 | AD64: 957 | AE64: 1080 | AF64: 624 | AG64: 1034 | AH64: 1188 | AI64: 1276 | AJ64: 1399 | AK64: 1317 | AL64: 1314 | AM64: 1325 | AN64: 1857 | AO64: 14264 | AP64: 1661 | AQ64: 2066 | AR64: 934 | AS64: 1302 | AT64: 1416 | AU64: 1485 | AV64: 2230 | AW64: 2183 | AX64: 2309 | AY64: 2319 | AZ64: 2455 | BA64: 2773 | BB64: 23133 | BC64: 2406 | BD64: 2205 | BE64: 1103 | BF64: 2550 | BG64: 2455 | BH64: 3429 | BI64: 4017 | BJ64: 3953 | BK64: 3410 | BL64: 3332 | BM64: 3461 | BN64: 4027 | BO64: 36348 | BP64: =SUM($BO64,$BB64,$AO64,$AB64,$O64) -> 79966
A65: 20 | B65: Uzbekistan | C65: 0 | D65: 2 | E65: 3 | F65: 11 | G65: 0 | H65: 15 | I65: 2 | J65: 1 | K65: 3 | L65: 2 | M65: 14 | N65: 15 | O65: 68 | P65: 9 | Q65: 9 | R65: 60 | S65: 9 | T65: 41 | U65: 64 | V65: 117 | W65: 134 | X65: 115 | Y65: 187 | Z65: 241 | AA65: 407 | AB65: 1393 | AC65: 546 | AD65: 396 | AE65: 282 | AF65: 202 | AG65: 371 | AH65: 540 | AI65: 695 | AJ65: 750 | AK65: 283 | AL65: 385 | AM65: 278 | AN65: 555 | AO65: 5283 | AP65: 1178 | AQ65: 760 | AR65: 389 | AS65: 429 | AT65: 422 | AU65: 555 | AV65: 1097 | AW65: 921 | AX65: 495 | AY65: 591 | AZ65: 541 | BA65: 752 | BB65: 8130 | BC65: 1374 | BD65: 901 | BE65: 279 | BF65: 523 | BG65: 477 | BH65: 786 | BI65: 1360 | BJ65: 1202 | BK65: 496 | BL65: 786 | BM65: 1087 | BN65: 1209 | BO65: 10480 | BP65: =SUM($BO65,$BB65,$AO65,$AB65,$O65) -> 25354
A66: 21 | B66: Bangladesh | C66: 88 | D66: 87 | E66: 79 | F66: 62 | G66: 80 | H66: 98 | I66: 50 | J66: 69 | K66: 53 | L66: 138 | M66: 93 | N66: 104 | O66: 1001 | P66: 157 | Q66: 233 | R66: 340 | S66: 341 | T66: 571 | U66: 760 | V66: 692 | W66: 992 | X66: 1898 | Y66: 2113 | Z66: 842 | AA66: 654 | AB66: 9593 | AC66: 583 | AD66: 666 | AE66: 720 | AF66: 699 | AG66: 883 | AH66: 823 | AI66: 857 | AJ66: 767 | AK66: 912 | AL66: 770 | AM66: 742 | AN66: 951 | AO66: 9373 | AP66: 658 | AQ66: 999 | AR66: 640 | AS66: 868 | AT66: 791 | AU66: 1010 | AV66: 1208 | AW66: 946 | AX66: 1206 | AY66: 1086 | AZ66: 1668 | BA66: 1649 | BB66: 12729 | BC66: 1717 | BD66: 1531 | BE66: 1486 | BF66: 1815 | BG66: 1820 | BH66: 1280 | BI66: 1120 | BJ66: 1291 | BK66: 1524 | BL66: 1716 | BM66: 2228 | BN66: 1801 | BO66: 19329 | BP66: =SUM($BO66,$BB66,$AO66,$AB66,$O66) -> 52025
A67: 22 | B67: Nepal | C67: 0 | D67: 2 | E67: 5 | F67: 15 | G67: 5 | H67: 5 | I67: 1 | J67: 0 | K67: 2 | L67: 11 | M67: 7 | N67: 8 | O67: 61 | P67: 15 | Q67: 4 | R67: 34 | S67: 73 | T67: 125 | U67: 213 | V67: 249 | W67: 215 | X67: 172 | Y67: 349 | Z67: 436 | AA67: 340 | AB67: 2225 | AC67: 259 | AD67: 445 | AE67: 362 | AF67: 349 | AG67: 512 | AH67: 485 | AI67: 555 | AJ67: 608 | AK67: 578 | AL67: 742 | AM67: 497 | AN67: 505 | AO67: 5897 | AP67: 505 | AQ67: 785 | AR67: 624 | AS67: 665 | AT67: 694 | AU67: 728 | AV67: 1065 | AW67: 971 | AX67: 870 | AY67: 1206 | AZ67: 751 | BA67: 796 | BB67: 9660 | BC67: 904 | BD67: 996 | BE67: 1083 | BF67: 1247 | BG67: 1430 | BH67: 1319 | BI67: 1798 | BJ67: 1717 | BK67: 1282 | BL67: 1484 | BM67: 1256 | BN67: 1320 | BO67: 15836 | BP67: =SUM($BO67,$BB67,$AO67,$AB67,$O67) -> 33679
A68: 23 | B68: Srilanka | C68: 26 | D68: 34 | E68: 52 | F68: 57 | G68: 79 | H68: 56 | I68: 27 | J68: 15 | K68: 42 | L68: 63 | M68: 100 | N68: 69 | O68: 620 | P68: 101 | Q68: 97 | R68: 168 | S68: 209 | T68: 239 | U68: 391 | V68: 412 | W68: 300 | X68: 243 | Y68: 391 | Z68: 394 | AA68: 502 | AB68: 3447 | AC68: 405 | AD68: 410 | AE68: 518 | AF68: 490 | AG68: 550 | AH68: 507 | AI68: 779 | AJ68: 649 | AK68: 839 | AL68: 594 | AM68: 750 | AN68: 902 | AO68: 7393 | AP68: 681 | AQ68: 767 | AR68: 746 | AS68: 795 | AT68: 803 | AU68: 610 | AV68: 778 | AW68: 1007 | AX68: 962 | AY68: 1091 | AZ68: 1026 | BA68: 817 | BB68: 10083 | BC68: 724 | BD68: 673 | BE68: 811 | BF68: 1078 | BG68: 1195 | BH68: 1041 | BI68: 1294 | BJ68: 1212 | BK68: 1393 | BL68: 1206 | BM68: 1225 | BN68: 1146 | BO68: 12998 | BP68: =SUM($BO68,$BB68,$AO68,$AB68,$O68) -> 34541
... A79: 34 | B79: Lain-lain | C79: 269 | D79: 352 | E79: 340 | F79: 320 | G79: 354 | H79: 342 | I79: 257 | J79: 223 | K79: 209 | L79: 341 | M79: 433 | N79: 457 | O79: 3897 | P79: 581 | Q79: 689 | R79: 748 | S79: 1096 | T79: 1335 | U79: 2071 | V79: 3031 | W79: 3096 | X79: 3802 | Y79: 4952 | Z79: 5388 | AA79: 6788 | AB79: 33577 | AC79: 15229 | AD79: 9320 | AE79: 11550 | AF79: 11005 | AG79: 12649 | AH79: 16670 | AI79: 18471 | AJ79: 17883 | AK79: 15871 | AL79: 16620 | AM79: 14218 | AN79: 12757 | AO79: 172243 | AP79: 14339 | AQ79: 22272 | AR79: 17511 | AS79: 16349 | AT79: 17512 | AU79: 20124 | AV79: 20953 | AW79: 20549 | AX79: 23943 | AY79: 24579 | AZ79: 23270 | BA79: 19817 | BB79: 241218 | BC79: 28914 | BD79: 20395 | BE79: 21426 | BF79: 26763 | BG79: 28196 | BH79: 31840 | BI79: 33908 | BJ79: 32949 | BK79: 29753 | BL79: 33640 | BM79: 25349 | BN79: 25201 | BO79: 338334 | BP79: =SUM($BO79,$BB79,$AO79,$AB79,$O79) -> 789269
A80: B | B80: TOTAL ASIA (Excl.ASEAN) | C80: 2431 | D80: 5012 | E80: 10565 | F80: 12928 | G80: 7694 | H80: 8983 | I80: 3985 | J80: 1608 | K80: 3387 | L80: 9877 | M80: 9890 | N80: 8993 | O80: 85353 | P80: 8460 | Q80: 8845 | R80: 13606 | S80: 22833 | T80: 40173 | U80: 59351 | V80: 73204 | W80: 79390 | X80: 86082 | Y80: 97304 | Z80: 101509 | AA80: 131851 | AB80: 722608 | AC80: 125575 | AD80: 130099 | AE80: 151572 | AF80: 151862 | AG80: 191157 | AH80: 201356 | AI80: 228095 | AJ80: 230907 | AK80: 229197 | AL80: 202988 | AM80: 197139 | AN80: 214130 | AO80: 2254077 | AP80: 208172 | AQ80: 251983 | AR80: 226836 | AS80: 218763 | AT80: 263061 | AU80: 265988 | AV80: 296732 | AW80: 303842 | AX80: 280452 | AY80: 254221 | AZ80: 244324 | BA80: 254686 | BB80: 3069060 | BC80: 274992 | BD80: 242345 | BE80: 229752 | BF80: 266567 | BG80: 308145 | BH80: 316004 | BI80: 346366 | BJ80: 347544 | BK80: 297651 | BL80: 305934 | BM80: 272873 | BN80: 290718 | BO80: 3498891
A81: 35 | B81: Saudi Arabia | C81: 100 | D81: 70 | E81: 48 | F81: 45 | G81: 381 | H81: 677 | I81: 222 | J81: 139 | K81: 123 | L81: 70 | M81: 86 | N81: 92 | O81: 2053 | P81: 113 | Q81: 134 | R81: 260 | S81: 201 | T81: 559 | U81: 2868 | V81: 10570 | W81: 6922 | X81: 5321 | Y81: 5459 | Z81: 8898 | AA81: 6167 | AB81: 47472 | AC81: 5867 | AD81: 5591 | AE81: 4462 | AF81: 4434 | AG81: 8483 | AH81: 12306 | AI81: 16430 | AJ81: 11591 | AK81: 8781 | AL81: 8327 | AM81: 12900 | AN81: 8512 | AO81: 107684 | AP81: 9314 | AQ81: 8452 | AR81: 1062 | AS81: 8644 | AT81: 10159 | AU81: 19209 | AV81: 21580 | AW81: 10572 | AX81: 10999 | AY81: 10053 | AZ81: 16250 | BA81: 9266 | BB81: 135560 | BC81: 9636 | BD81: 4034 | BE81: 2413 | BF81: 10820 | BG81: 13784 | BH81: 16021 | BI81: 25923 | BJ81: 18415 | BK81: 12639 | BL81: 12176 | BM81: 18321 | BN81: 12136 | BO81: 156318 | BP81: =SUM($BO81,$BB81,$AO81,$AB81,$O81) -> 449087
A82: 36 | B82: Oman | C82: 2 | D82: 3 | E82: 5 | F82: 7 | G82: 13 | H82: 19 | I82: 5 | J82: 0 | K82: 6 | L82: 3 | M82: 13 | N82: 13 | O82: 89 | P82: 15 | Q82: 26 | R82: 82 | S82: 14 | T82: 174 | U82: 302 | V82: 551 | W82: 341 | X82: 356 | Y82: 339 | Z82: 394 | AA82: 386 | AB82: 2980 | AC82: 660 | AD82: 670 | AE82: 292 | AF82: 216 | AG82: 720 | AH82: 1003 | AI82: 1946 | AJ82: 1001 | AK82: 600 | AL82: 776 | AM82: 773 | AN82: 658 | AO82: 9315 | AP82: 1269 | AQ82: 706 | AR82: 81 | AS82: 556 | AT82: 875 | AU82: 736 | AV82: 2932 | AW82: 1740 | AX82: 766 | AY82: 1500 | AZ82: 1631 | BA82: 864 | BB82: 13656 | BC82: 1155 | BD82: 827 | BE82: 126 | BF82: 890 | BG82: 1300 | BH82: 2486 | BI82: 2831 | BJ82: 1958 | BK82: 1102 | BL82: 1308 | BM82: 1391 | BN82: 1289 | BO82: 16663 | BP82: =SUM($BO82,$BB82,$AO82,$AB82,$O82) -> 42703
A83: 37 | B83: Egypt | C83: 21 | D83: 39 | E83: 48 | F83: 45 | G83: 78 | H83: 57 | I83: 32 | J83: 23 | K83: 24 | L83: 72 | M83: 92 | N83: 80 | O83: 611 | P83: 83 | Q83: 135 | R83: 159 | S83: 110 | T83: 224 | U83: 495 | V83: 828 | W83: 847 | X83: 1096 | Y83: 1108 | Z83: 1078 | AA83: 1163 | AB83: 7326 | AC83: 737 | AD83: 920 | AE83: 735 | AF83: 939 | AG83: 1629 | AH83: 1597 | AI83: 1563 | AJ83: 1770 | AK83: 1780 | AL83: 1924 | AM83: 1497 | AN83: 1741 | AO83: 16832 | AP83: 1293 | AQ83: 1310 | AR83: 601 | AS83: 1805 | AT83: 1740 | AU83: 1832 | AV83: 2350 | AW83: 1609 | AX83: 1880 | AY83: 2043 | AZ83: 1549 | BA83: 1671 | BB83: 19683 | BC83: 1131 | BD83: 1045 | BE83: 801 | BF83: 1995 | BG83: 2134 | BH83: 2697 | BI83: 2218 | BJ83: 1933 | BK83: 2137 | BL83: 2386 | BM83: 1710 | BN83: 1843 | BO83: 22030 | BP83: =SUM($BO83,$BB83,$AO83,$AB83,$O83) -> 66482
A84: 38 | B84: Jordan | C84: 1 | D84: 1 | E84: 8 | F84: 17 | G84: 22 | H84: 31 | I84: 9 | J84: 1 | K84: 9 | L84: 28 | M84: 13 | N84: 27 | O84: 167 | P84: 16 | Q84: 14 | R84: 58 | S84: 57 | T84: 78 | U84: 202 | V84: 407 | W84: 308 | X84: 310 | Y84: 306 | Z84: 336 | AA84: 424 | AB84: 2516 | AC84: 371 | AD84: 336 | AE84: 321 | AF84: 331 | AG84: 505 | AH84: 558 | AI84: 844 | AJ84: 706 | AK84: 620 | AL84: 509 | AM84: 428 | AN84: 611 | AO84: 6140 | AP84: 486 | AQ84: 490 | AR84: 333 | AS84: 740 | AT84: 505 | AU84: 893 | AV84: 1049 | AW84: 639 | AX84: 706 | AY84: 589 | AZ84: 589 | BA84: 613 | BB84: 7632 | BC84: 622 | BD84: 549 | BE84: 449 | BF84: 776 | BG84: 715 | BH84: 987 | BI84: 1093 | BJ84: 906 | BK84: 914 | BL84: 902 | BM84: 786 | BN84: 767 | BO84: 9466 | BP84: =SUM($BO84,$BB84,$AO84,$AB84,$O84) -> 25921
A85: 39 | B85: Uni Emirat Arab | C85: 25 | D85: 24 | E85: 48 | F85: 31 | G85: 36 | H85: 47 | I85: 18 | J85: 16 | K85: 26 | L85: 30 | M85: 43 | N85: 40 | O85: 384 | P85: 36 | Q85: 64 | R85: 119 | S85: 118 | T85: 603 | U85: 423 | V85: 739 | W85: 594 | X85: 493 | Y85: 472 | Z85: 838 | AA85: 957 | AB85: 5456 | AC85: 504 | AD85: 536 | AE85: 557 | AF85: 549 | AG85: 728 | AH85: 1062 | AI85: 1235 | AJ85: 864 | AK85: 594 | AL85: 562 | AM85: 522 | AN85: 824 | AO85: 8537 | AP85: 620 | AQ85: 642 | AR85: 292 | AS85: 865 | AT85: 694 | AU85: 951 | AV85: 1392 | AW85: 1167 | AX85: 606 | AY85: 527 | AZ85: 560 | BA85: 722 | BB85: 9038 | BC85: 513 | BD85: 527 | BE85: 296 | BF85: 929 | BG85: 1063 | BH85: 1529 | BI85: 1679 | BJ85: 1287 | BK85: 878 | BL85: 900 | BM85: 820 | BN85: 872 | BO85: 11293 | BP85: =SUM($BO85,$BB85,$AO85,$AB85,$O85) -> 34708
A86: 40 | B86: Yaman | C86: 1 | D86: 76 | E86: 27 | F86: 33 | G86: 89 | H86: 104 | I86: 24 | J86: 0 | K86: 23 | L86: 121 | M86: 157 | N86: 103 | O86: 758 | P86: 93 | Q86: 121 | R86: 120 | S86: 78 | T86: 200 | U86: 268 | V86: 394 | W86: 444 | X86: 378 | Y86: 308 | Z86: 448 | AA86: 356 | AB86: 3208 | AC86: 362 | AD86: 295 | AE86: 278 | AF86: 272 | AG86: 401 | AH86: 747 | AI86: 601 | AJ86: 779 | AK86: 556 | AL86: 499 | AM86: 647 | AN86: 499 | AO86: 5936 | AP86: 506 | AQ86: 539 | AR86: 161 | AS86: 357 | AT86: 523 | AU86: 719 | AV86: 863 | AW86: 622 | AX86: 682 | AY86: 645 | AZ86: 617 | BA86: 505 | BB86: 6739 | BC86: 461 | BD86: 305 | BE86: 205 | BF86: 481 | BG86: 722 | BH86: 817 | BI86: 1030 | BJ86: 924 | BK86: 651 | BL86: 720 | BM86: 778 | BN86: 667 | BO86: 7761 | BP86: =SUM($BO86,$BB86,$AO86,$AB86,$O86) -> 24402
A87: 41 | B87: Other Middle East | C87: 68 | D87: 104 | E87: 98 | F87: 180 | G87: 180 | H87: 158 | I87: 80 | J87: 64 | K87: 76 | L87: 173 | M87: 199 | N87: 197 | O87: 1577 | P87: 189 | Q87: 183 | R87: 448 | S87: 416 | T87: 773 | U87: 1262 | V87: 1901 | W87: 1831 | X87: 1753 | Y87: 1432 | Z87: 1320 | AA87: 1368 | AB87: 12876 | AC87: 1398 | AD87: 1360 | AE87: 2722 | AF87: 1454 | AG87: 1806 | AH87: 2918 | AI87: 2968 | AJ87: 3627 | AK87: 2992 | AL87: 2141 | AM87: 1734 | AN87: 1994 | AO87: 27114 | AP87: 1784 | AQ87: 1942 | AR87: 3057 | AS87: 2027 | AT87: 2242 | AU87: 3306 | AV87: 3757 | AW87: 4083 | AX87: 3333 | AY87: 2301 | AZ87: 2074 | BA87: 2214 | BB87: 32120 | BC87: 1782 | BD87: 1718 | BE87: 2995 | BF87: 2421 | BG87: 2944 | BH87: 3667 | BI87: 3746 | BJ87: 4544 | BK87: 3918 | BL87: 3289 | BM87: 2952 | BN87: 2591 | BO87: 36567 | BP87: =SUM($BO87,$BB87,$AO87,$AB87,$O87) -> 110254
A88: 42 | B88: Iran | C88: 4 | D88: 13 | E88: 19 | F88: 38 | G88: 30 | H88: 27 | I88: 13 | J88: 12 | K88: 11 | L88: 36 | M88: 65 | N88: 32 | O88: 300 | P88: 51 | Q88: 42 | R88: 113 | S88: 134 | T88: 145 | U88: 339 | V88: 355 | W88: 337 | X88: 613 | Y88: 339 | Z88: 277 | AA88: 328 | AB88: 3073 | AC88: 234 | AD88: 300 | AE88: 1683 | AF88: 452 | AG88: 439 | AH88: 550 | AI88: 395 | AJ88: 518 | AK88: 1079 | AL88: 511 | AM88: 438 | AN88: 578 | AO88: 7177 | AP88: 367 | AQ88: 615 | AR88: 2265 | AS88: 360 | AT88: 611 | AU88: 570 | AV88: 674 | AW88: 985 | AX88: 1106 | AY88: 577 | AZ88: 551 | BA88: 545 | BB88: 9226 | BC88: 353 | BD88: 396 | BE88: 1955 | BF88: 547 | BG88: 855 | BH88: 597 | BI88: 429 | BJ88: 809 | BK88: 1104 | BL88: 825 | BM88: 770 | BN88: 798 | BO88: 9438 | BP88: =SUM($BO88,$BB88,$AO88,$AB88,$O88) -> 29214
A89: 43 | B89: Kuwait | C89: 1 | D89: 6 | E89: 0 | F89: 4 | G89: 7 | H89: 4 | I89: 5 | J89: 2 | K89: 3 | L89: 10 | M89: 12 | N89: 21 | O89: 75 | P89: 17 | Q89: 11 | R89: 54 | S89: 28 | T89: 109 | U89: 274 | V89: 419 | W89: 528 | X89: 262 | Y89: 191 | Z89: 178 | AA89: 145 | AB89: 2216 | AC89: 392 | AD89: 251 | AE89: 155 | AF89: 194 | AG89: 313 | AH89: 521 | AI89: 596 | AJ89: 1077 | AK89: 429 | AL89: 298 | AM89: 220 | AN89: 246 | AO89: 4692 | AP89: 391 | AQ89: 292 | AR89: 68 | AS89: 299 | AT89: 341 | AU89: 660 | AV89: 771 | AW89: 1118 | AX89: 383 | AY89: 251 | AZ89: 194 | BA89: 322 | BB89: 5090 | BC89: 293 | BD89: 230 | BE89: 84 | BF89: 266 | BG89: 343 | BH89: 581 | BI89: 843 | BJ89: 1226 | BK89: 421 | BL89: 343 | BM89: 246 | BN89: 290 | BO89: 5166 | BP89: =SUM($BO89,$BB89,$AO89,$AB89,$O89) -> 17239
A90: 44 | B90: Irak | C90: 1 | D90: 0 | E90: 4 | F90: 21 | G90: 14 | H90: 10 | I90: 5 | J90: 3 | K90: 4 | L90: 23 | M90: 20 | N90: 22 | O90: 127 | P90: 11 | Q90: 7 | R90: 12 | S90: 29 | T90: 123 | U90: 84 | V90: 90 | W90: 178 | X90: 143 | Y90: 180 | Z90: 172 | AA90: 151 | AB90: 1180 | AC90: 174 | AD90: 185 | AE90: 121 | AF90: 112 | AG90: 179 | AH90: 245 | AI90: 305 | AJ90: 281 | AK90: 293 | AL90: 366 | AM90: 267 | AN90: 292 | AO90: 2820 | AP90: 283 | AQ90: 328 | AR90: 194 | AS90: 293 | AT90: 299 | AU90: 572 | AV90: 472 | AW90: 582 | AX90: 583 | AY90: 416 | AZ90: 513 | BA90: 421 | BB90: 4956 | BC90: 400 | BD90: 433 | BE90: 189 | BF90: 445 | BG90: 417 | BH90: 573 | BI90: 409 | BJ90: 544 | BK90: 693 | BL90: 577 | BM90: 586 | BN90: 413 | BO90: 5679 | BP90: =SUM($BO90,$BB90,$AO90,$AB90,$O90) -> 14762
A91: 45 | B91: Syiria | C91: 1 | D91: 8 | E91: 8 | F91: 15 | G91: 32 | H91: 37 | I91: 4 | J91: 6 | K91: 11 | L91: 11 | M91: 13 | N91: 36 | O91: 182 | P91: 14 | Q91: 35 | R91: 33 | S91: 16 | T91: 53 | U91: 66 | V91: 96 | W91: 136 | X91: 104 | Y91: 117 | Z91: 170 | AA91: 149 | AB91: 989 | AC91: 117 | AD91: 130 | AE91: 125 | AF91: 111 | AG91: 130 | AH91: 170 | AI91: 183 | AJ91: 234 | AK91: 183 | AL91: 141 | AM91: 165 | AN91: 159 | AO91: 1848 | AP91: 136 | AQ91: 145 | AR91: 100 | AS91: 147 | AT91: 172 | AU91: 242 | AV91: 342 | AW91: 252 | AX91: 196 | AY91: 235 | AZ91: 176 | BA91: 204 | BB91: 2347 | BC91: 174 | BD91: 117 | BE91: 181 | BF91: 257 | BG91: 332 | BH91: 468 | BI91: 439 | BJ91: 431 | BK91: 389 | BL91: 406 | BM91: 367 | BN91: 307 | BO91: 3868 | BP91: =SUM($BO91,$BB91,$AO91,$AB91,$O91) -> 9234
A92: 46 | B92: Palestina | C92: 0 | D92: 3 | E92: 6 | F92: 30 | G92: 12 | H92: 9 | I92: 0 | J92: 2 | K92: 6 | L92: 32 | M92: 27 | N92: 18 | O92: 145 | P92: 9 | Q92: 17 | R92: 77 | S92: 57 | T92: 32 | U92: 67 | V92: 63 | W92: 51 | X92: 101 | Y92: 99 | Z92: 113 | AA92: 146 | AB92: 832 | AC92: 121 | AD92: 73 | AE92: 189 | AF92: 101 | AG92: 147 | AH92: 217 | AI92: 241 | AJ92: 226 | AK92: 241 | AL92: 145 | AM92: 136 | AN92: 130 | AO92: 1967 | AP92: 134 | AQ92: 141 | AR92: 125 | AS92: 163 | AT92: 190 | AU92: 226 | AV92: 316 | AW92: 274 | AX92: 259 | AY92: 212 | AZ92: 199 | BA92: 197 | BB92: 2436 | BC92: 186 | BD92: 160 | BE92: 97 | BF92: 232 | BG92: 255 | BH92: 322 | BI92: 339 | BJ92: 369 | BK92: 385 | BL92: 284 | BM92: 341 | BN92: 235 | BO92: 3205 | BP92: =SUM($BO92,$BB92,$AO92,$AB92,$O92) -> 8585
... A96: 50 | B96: Israel | C96: 57 | D96: 59 | E96: 51 | F96: 49 | G96: 49 | H96: 30 | I96: 41 | J96: 34 | K96: 32 | L96: 33 | M96: 28 | N96: 42 | O96: 505 | P96: 72 | Q96: 49 | R96: 57 | S96: 65 | T96: 73 | U96: 84 | V96: 111 | W96: 156 | X96: 117 | Y96: 164 | Z96: 62 | AA96: 65 | AB96: 1075 | AC96: 68 | AD96: 50 | AE96: 66 | AF96: 46 | AG96: 86 | AH96: 284 | AI96: 179 | AJ96: 286 | AK96: 199 | AL96: 103 | AM96: 15 | AN96: 17 | AO96: 1399 | AP96: 31 | AQ96: 31 | AR96: 23 | AS96: 7 | AT96: 27 | AU96: 56 | AV96: 51 | AW96: 33 | AX96: 38 | AY96: 23 | AZ96: 15 | BA96: 15 | BB96: 350 | BC96: 16 | BD96: 21 | BE96: 17 | BF96: 32 | BG96: 58 | BH96: 24 | BI96: 79 | BJ96: 62 | BK96: 77 | BL96: 86 | BM96: 41 | BN96: 41 | BO96: 554 | BP96: =SUM($BO96,$BB96,$AO96,$AB96,$O96) -> 3883
A97: C | B97: TOTAL MIDDLE EAST | C97: 218 | D97: 317 | E97: 282 | F97: 358 | G97: 799 | H97: 1093 | I97: 390 | J97: 243 | K97: 287 | L97: 497 | M97: 603 | N97: 552 | O97: 5639 | P97: 545 | Q97: 677 | R97: 1246 | S97: 994 | T97: 2611 | U97: 5820 | V97: 15390 | W97: 11287 | X97: 9707 | Y97: 9424 | Z97: 13312 | AA97: 10821 | AB97: 81834 | AC97: 9899 | AD97: 9708 | AE97: 9367 | AF97: 8195 | AG97: 14272 | AH97: 20191 | AI97: 25587 | AJ97: 20338 | AK97: 15923 | AL97: 14738 | AM97: 18501 | AN97: 14839 | AO97: 181558 | AP97: 15272 | AQ97: 14081 | AR97: 5587 | AS97: 14994 | AT97: 16738 | AU97: 27646 | AV97: 33923 | AW97: 20432 | AX97: 18972 | AY97: 17658 | AZ97: 23270 | BA97: 15855 | BB97: 224428 | BC97: 15300 | BD97: 9005 | BE97: 7285 | BF97: 18312 | BG97: 22662 | BH97: 28204 | BI97: 38520 | BJ97: 29967 | BK97: 22239 | BL97: 21681 | BM97: 26758 | BN97: 20165 | BO97: 260098
A98: 51 | B98: United Kingdom | C98: 108 | D98: 261 | E98: 265 | F98: 507 | G98: 537 | H98: 545 | I98: 282 | J98: 167 | K98: 273 | L98: 680 | M98: 856 | N98: 696 | O98: 5177 | P98: 811 | Q98: 865 | R98: 2153 | S98: 6527 | T98: 11724 | U98: 15422 | V98: 20748 | W98: 24160 | X98: 23436 | Y98: 23586 | Z98: 17874 | AA98: 23575 | AB98: 170881 | AC98: 18438 | AD98: 19296 | AE98: 27798 | AF98: 29555 | AG98: 29460 | AH98: 28644 | AI98: 34667 | AJ98: 35822 | AK98: 32850 | AL98: 30043 | AM98: 22367 | AN98: 26269 | AO98: 335209 | AP98: 23749 | AQ98: 25888 | AR98: 39621 | AS98: 31918 | AT98: 34205 | AU98: 31735 | AV98: 39819 | AW98: 40468 | AX98: 35693 | AY98: 33921 | AZ98: 24440 | BA98: 30349 | BB98: 391806 | BC98: 26507 | BD98: 25269 | BE98: 33623 | BF98: 40946 | BG98: 36877 | BH98: 36189 | BI98: 43372 | BJ98: 43868 | BK98: 35006 | BL98: 34337 | BM98: 26157 | BN98: 30751 | BO98: 412902 | BP98: =SUM($BO98,$BB98,$AO98,$AB98,$O98) -> 1315975
A99: 52 | B99: R u s i a | C99: 77 | D99: 447 | E99: 410 | F99: 742 | G99: 694 | H99: 753 | I99: 301 | J99: 73 | K99: 256 | L99: 806 | M99: 1509 | N99: 2324 | O99: 8392 | P99: 1151 | Q99: 1349 | R99: 2167 | S99: 2555 | T99: 2505 | U99: 3537 | V99: 3265 | W99: 4211 | X99: 5349 | Y99: 11916 | Z99: 15540 | AA99: 22033 | AB99: 75578 | AC99: 23521 | AD99: 18436 | AE99: 15412 | AF99: 11619 | AG99: 10179 | AH99: 10152 | AI99: 10961 | AJ99: 10324 | AK99: 9788 | AL99: 11409 | AM99: 12004 | AN99: 17518 | AO99: 161323 | AP99: 19166 | AQ99: 16482 | AR99: 15286 | AS99: 13887 | AT99: 11343 | AU99: 10250 | AV99: 11580 | AW99: 11158 | AX99: 11624 | AY99: 16542 | AZ99: 18377 | BA99: 24430 | BB99: 180125 | BC99: 26039 | BD99: 21646 | BE99: 20749 | BF99: 17991 | BG99: 14829 | BH99: 15767 | BI99: 15544 | BJ99: 15243 | BK99: 13197 | BL99: 17469 | BM99: 17081 | BN99: 23607 | BO99: 219162 | BP99: =SUM($BO99,$BB99,$AO99,$AB99,$O99) -> 644580
A100: 53 | B100: France | C100: 33 | D100: 196 | E100: 168 | F100: 444 | G100: 376 | H100: 506 | I100: 228 | J100: 45 | K100: 147 | L100: 467 | M100: 662 | N100: 504 | O100: 3776 | P100: 608 | Q100: 868 | R100: 1946 | S100: 5353 | T100: 9426 | U100: 10376 | V100: 20561 | W100: 26824 | X100: 17961 | Y100: 19333 | Z100: 11578 | AA100: 9707 | AB100: 134541 | AC100: 10670 | AD100: 12556 | AE100: 14176 | AF100: 20970 | AG100: 24889 | AH100: 20525 | AI100: 38015 | AJ100: 41235 | AK100: 30798 | AL100: 30103 | AM100: 16731 | AN100: 13014 | AO100: 273682 | AP100: 13216 | AQ100: 17308 | AR100: 18413 | AS100: 32841 | AT100: 33081 | AU100: 26268 | AV100: 47041 | AW100: 50406 | AX100: 38581 | AY100: 36260 | AZ100: 18797 | BA100: 14224 | BB100: 346436 | BC100: 14646 | BD100: 16530 | BE100: 17850 | BF100: 33373 | BG100: 35244 | BH100: 30571 | BI100: 53878 | BJ100: 57952 | BK100: 39451 | BL100: 35570 | BM100: 18150 | BN100: 14689 | BO100: 367904 | BP100: =SUM($BO100,$BB100,$AO100,$AB100,$O100) -> 1126339
A101: 54 | B101: Germany | C101: 33 | D101: 176 | E101: 152 | F101: 432 | G101: 357 | H101: 421 | I101: 207 | J101: 51 | K101: 148 | L101: 465 | M101: 608 | N101: 379 | O101: 3429 | P101: 440 | Q101: 540 | R101: 1748 | S101: 4804 | T101: 8531 | U101: 10432 | V101: 14855 | W101: 21373 | X101: 21189 | Y101: 18660 | Z101: 13008 | AA101: 13054 | AB101: 128634 | AC101: 13676 | AD101: 14496 | AE101: 19353 | AF101: 20496 | AG101: 24749 | AH101: 20553 | AI101: 25970 | AJ101: 31862 | AK101: 33754 | AL101: 27177 | AM101: 16910 | AN101: 14538 | AO101: 263534 | AP101: 15756 | AQ101: 16721 | AR101: 23897 | AS101: 23384 | AT101: 26268 | AU101: 18904 | AV101: 27259 | AW101: 32098 | AX101: 34423 | AY101: 28418 | AZ101: 17958 | BA101: 15911 | BB101: 280997 | BC101: 14679 | BD101: 17517 | BE101: 21053 | BF101: 26169 | BG101: 24860 | BH101: 21853 | BI101: 29051 | BJ101: 37506 | BK101: 33584 | BL101: 28264 | BM101: 17038 | BN101: 16022 | BO101: 287596 | BP101: =SUM($BO101,$BB101,$AO101,$AB101,$O101) -> 964190
A102: 55 | B102: Netherlands | C102: 890 | D102: 826 | E102: 693 | F102: 820 | G102: 916 | H102: 1057 | I102: 952 | J102: 864 | K102: 1024 | L102: 1269 | M102: 1574 | N102: 1344 | O102: 12229 | P102: 1411 | Q102: 1346 | R102: 2404 | S102: 5074 | T102: 7185 | U102: 8249 | V102: 18201 | W102: 15054 | X102: 15399 | Y102: 14790 | Z102: 12711 | AA102: 13228 | AB102: 115052 | AC102: 14918 | AD102: 14341 | AE102: 15187 | AF102: 18185 | AG102: 20447 | AH102: 18649 | AI102: 37772 | AJ102: 26069 | AK102: 27214 | AL102: 22160 | AM102: 15863 | AN102: 19396 | AO102: 250201 | AP102: 19944 | AQ102: 19894 | AR102: 20384 | AS102: 27434 | AT102: 26354 | AU102: 22886 | AV102: 46366 | AW102: 30207 | AX102: 31291 | AY102: 27472 | AZ102: 21796 | BA102: 15777 | BB102: 309805 | BC102: 15112 | BD102: 14122 | BE102: 15168 | BF102: 21611 | BG102: 20102 | BH102: 17058 | BI102: 45100 | BJ102: 25691 | BK102: 26475 | BL102: 20716 | BM102: 14769 | BN102: 16017 | BO102: 251941 | BP102: =SUM($BO102,$BB102,$AO102,$AB102,$O102) -> 939228
A103: 56 | B103: I t a l y | C103: 78 | D103: 136 | E103: 178 | F103: 312 | G103: 222 | H103: 227 | I103: 101 | J103: 57 | K103: 89 | L103: 218 | M103: 494 | N103: 227 | O103: 2339 | P103: 232 | Q103: 469 | R103: 885 | S103: 1172 | T103: 1986 | U103: 2953 | V103: 6136 | W103: 15309 | X103: 5901 | Y103: 4462 | Z103: 4133 | AA103: 3777 | AB103: 47415 | AC103: 3540 | AD103: 4064 | AE103: 4300 | AF103: 5137 | AG103: 5760 | AH103: 7389 | AI103: 12955 | AJ103: 31550 | AK103: 10715 | AL103: 7522 | AM103: 5727 | AN103: 5734 | AO103: 104393 | AP103: 5070 | AQ103: 5089 | AR103: 5874 | AS103: 7929 | AT103: 7241 | AU103: 9781 | AV103: 15727 | AW103: 40748 | AX103: 12918 | AY103: 8564 | AZ103: 6139 | BA103: 6071 | BB103: 131151 | BC103: 5289 | BD103: 4957 | BE103: 5679 | BF103: 10029 | BG103: 8666 | BH103: 11140 | BI103: 17227 | BJ103: 45846 | BK103: 14424 | BL103: 9695 | BM103: 6472 | BN103: 6936 | BO103: 146360 | BP103: =SUM($BO103,$BB103,$AO103,$AB103,$O103) -> 431658
A104: 57 | B104: Spain | C104: 109 | D104: 123 | E104: 172 | F104: 206 | G104: 361 | H104: 314 | I104: 342 | J104: 249 | K104: 212 | L104: 386 | M104: 561 | N104: 220 | O104: 3255 | P104: 538 | Q104: 614 | R104: 1360 | S104: 1590 | T104: 2427 | U104: 3702 | V104: 7411 | W104: 10819 | X104: 7488 | Y104: 6665 | Z104: 4791 | AA104: 4158 | AB104: 51563 | AC104: 3890 | AD104: 4085 | AE104: 5654 | AF104: 6518 | AG104: 7218 | AH104: 8945 | AI104: 13587 | AJ104: 19033 | AK104: 13190 | AL104: 10382 | AM104: 7119 | AN104: 6960 | AO104: 106581 | AP104: 5751 | AQ104: 6501 | AR104: 8528 | AS104: 9056 | AT104: 10810 | AU104: 12247 | AV104: 19491 | AW104: 26157 | AX104: 16707 | AY104: 11297 | AZ104: 8254 | BA104: 6601 | BB104: 141400 | BC104: 5243 | BD104: 5196 | BE104: 6111 | BF104: 9651 | BG104: 9085 | BH104: 12380 | BI104: 19215 | BJ104: 27119 | BK104: 17371 | BL104: 13137 | BM104: 8698 | BN104: 7039 | BO104: 140245 | BP104: =SUM($BO104,$BB104,$AO104,$AB104,$O104) -> 443044
A105: 58 | B105: Polandia | C105: 10 | D105: 43 | E105: 48 | F105: 105 | G105: 80 | H105: 113 | I105: 49 | J105: 6 | K105: 19 | L105: 66 | M105: 108 | N105: 105 | O105: 752 | P105: 89 | Q105: 74 | R105: 201 | S105: 652 | T105: 1161 | U105: 1531 | V105: 1921 | W105: 2509 | X105: 2742 | Y105: 2785 | Z105: 2676 | AA105: 2060 | AB105: 18401 | AC105: 2763 | AD105: 3234 | AE105: 3160 | AF105: 3312 | AG105: 2917 | AH105: 2992 | AI105: 3601 | AJ105: 4087 | AK105: 4836 | AL105: 4367 | AM105: 3889 | AN105: 2830 | AO105: 41988 | AP105: 3692 | AQ105: 3841 | AR105: 3873 | AS105: 4755 | AT105: 3387 | AU105: 4281 | AV105: 4869 | AW105: 5366 | AX105: 5613 | AY105: 5442 | AZ105: 5392 | BA105: 3483 | BB105: 53994 | BC105: 4961 | BD105: 6110 | BE105: 5392 | BF105: 4620 | BG105: 3953 | BH105: 5389 | BI105: 6440 | BJ105: 7108 | BK105: 7573 | BL105: 6414 | BM105: 5965 | BN105: 4175 | BO105: 68100 | BP105: =SUM($BO105,$BB105,$AO105,$AB105,$O105) -> 183235
A106: 59 | B106: Ukraine | C106: 69 | D106: 229 | E106: 215 | F106: 356 | G106: 302 | H106: 412 | I106: 118 | J106: 40 | K106: 67 | L106: 257 | M106: 354 | N106: 625 | O106: 3044 | P106: 458 | Q106: 441 | R106: 495 | S106: 664 | T106: 494 | U106: 687 | V106: 740 | W106: 1001 | X106: 1045 | Y106: 1257 | Z106: 1652 | AA106: 2494 | AB106: 11428 | AC106: 2876 | AD106: 2499 | AE106: 2020 | AF106: 1792 | AG106: 1436 | AH106: 1477 | AI106: 1368 | AJ106: 1468 | AK106: 1400 | AL106: 1673 | AM106: 1777 | AN106: 2418 | AO106: 22204 | AP106: 3052 | AQ106: 4212 | AR106: 2319 | AS106: 2143 | AT106: 1820 | AU106: 1528 | AV106: 1809 | AW106: 1686 | AX106: 1503 | AY106: 2030 | AZ106: 2318 | BA106: 3221 | BB106: 27641 | BC106: 3934 | BD106: 3118 | BE106: 2982 | BF106: 2177 | BG106: 2027 | BH106: 2276 | BI106: 2057 | BJ106: 2014 | BK106: 2055 | BL106: 2283 | BM106: 2387 | BN106: 3378 | BO106: 30688 | BP106: =SUM($BO106,$BB106,$AO106,$AB106,$O106) -> 95005
A107: 60 | B107: Sweden | C107: 284 | D107: 245 | E107: 277 | F107: 303 | G107: 253 | H107: 249 | I107: 267 | J107: 247 | K107: 321 | L107: 316 | M107: 392 | N107: 362 | O107: 3516 | P107: 421 | Q107: 401 | R107: 573 | S107: 989 | T107: 1072 | U107: 1617 | V107: 1764 | W107: 1499 | X107: 2008 | Y107: 2982 | Z107: 2809 | AA107: 3750 | AB107: 19885 | AC107: 3806 | AD107: 3554 | AE107: 3953 | AF107: 3116 | AG107: 2307 | AH107: 2912 | AI107: 2730 | AJ107: 1982 | AK107: 2673 | AL107: 3560 | AM107: 2812 | AN107: 4076 | AO107: 37481 | AP107: 3855 | AQ107: 4153 | AR107: 4359 | AS107: 3164 | AT107: 2368 | AU107: 2881 | AV107: 3180 | AW107: 2154 | AX107: 2531 | AY107: 3375 | AZ107: 3132 | BA107: 4935 | BB107: 40087 | BC107: 3631 | BD107: 3690 | BE107: 3376 | BF107: 3168 | BG107: 1988 | BH107: 3041 | BI107: 3228 | BJ107: 2218 | BK107: 2637 | BL107: 3723 | BM107: 2877 | BN107: 5142 | BO107: 38719 | BP107: =SUM($BO107,$BB107,$AO107,$AB107,$O107) -> 139688
A108: 61 | B108: Denmark | C108: 11 | D108: 23 | E108: 29 | F108: 84 | G108: 50 | H108: 61 | I108: 30 | J108: 15 | K108: 44 | L108: 42 | M108: 111 | N108: 57 | O108: 557 | P108: 41 | Q108: 77 | R108: 232 | S108: 843 | T108: 1347 | U108: 1740 | V108: 4537 | W108: 2086 | X108: 2358 | Y108: 3455 | Z108: 2116 | AA108: 2081 | AB108: 20913 | AC108: 2907 | AD108: 3175 | AE108: 4313 | AF108: 3248 | AG108: 2758 | AH108: 2792 | AI108: 6465 | AJ108: 2627 | AK108: 2803 | AL108: 3597 | AM108: 2398 | AN108: 2472 | AO108: 39555 | AP108: 3072 | AQ108: 3748 | AR108: 4857 | AS108: 3507 | AT108: 2689 | AU108: 2143 | AV108: 7018 | AW108: 2411 | AX108: 3051 | AY108: 4263 | AZ108: 2428 | BA108: 2951 | BB108: 42138 | BC108: 3447 | BD108: 3641 | BE108: 3951 | BF108: 4867 | BG108: 2540 | BH108: 2729 | BI108: 7858 | BJ108: 2786 | BK108: 3404 | BL108: 4138 | BM108: 2306 | BN108: 2642 | BO108: 44309 | BP108: =SUM($BO108,$BB108,$AO108,$AB108,$O108) -> 147472
A109: 62 | B109: Switzerland | C109: 5 | D109: 43 | E109: 36 | F109: 114 | G109: 105 | H109: 82 | I109: 52 | J109: 8 | K109: 30 | L109: 76 | M109: 123 | N109: 108 | O109: 782 | P109: 87 | Q109: 88 | R109: 229 | S109: 998 | T109: 1435 | U109: 1648 | V109: 4401 | W109: 3042 | X109: 2909 | Y109: 3662 | Z109: 2227 | AA109: 2466 | AB109: 23192 | AC109: 2250 | AD109: 2296 | AE109: 2685 | AF109: 4140 | AG109: 3559 | AH109: 3326 | AI109: 8739 | AJ109: 4595 | AK109: 5016 | AL109: 5527 | AM109: 3317 | AN109: 3009 | AO109: 48459 | AP109: 2550 | AQ109: 2979 | AR109: 4188 | AS109: 5092 | AT109: 4558 | AU109: 4216 | AV109: 10760 | AW109: 5127 | AX109: 5794 | AY109: 5763 | AZ109: 3552 | BA109: 3549 | BB109: 58128 | BC109: 2843 | BD109: 2867 | BE109: 3233 | BF109: 5962 | BG109: 4751 | BH109: 4843 | BI109: 11239 | BJ109: 5390 | BK109: 5919 | BL109: 5948 | BM109: 3889 | BN109: 3732 | BO109: 60616 | BP109: =SUM($BO109,$BB109,$AO109,$AB109,$O109) -> 191177
... A155: 108 | B155: Yugoslavia | C155: 0 | D155: 0 | E155: 0 | F155: 0 | G155: 0 | H155: 0 | I155: 0 | J155: 0 | K155: 0 | L155: 0 | M155: 0 | N155: 0 | O155: 0 | P155: 0 | Q155: 0 | R155: 0 | S155: 0 | T155: 0 | U155: 0 | V155: 0 | W155: 0 | X155: 0 | Y155: 0 | Z155: 0 | AA155: 0 | AB155: 0 | AC155: 0 | AD155: 0 | AE155: 0 | AF155: 0 | AG155: 0 | AH155: 0 | AI155: 0 | AJ155: 0 | AK155: 0 | AL155: 0 | AM155: 0 | AN155: 0 | AO155: 0 | AP155: 0 | AQ155: 0 | AR155: 0 | AS155: 0 | AT155: 0 | AU155: 0 | AV155: 0 | AW155: 0 | AX155: 0 | AY155: 0 | AZ155: 0 | BA155: 0 | BB155: 0 | BC155: 0 | BD155: 0 | BE155: 0 | BF155: 0 | BG155: 0 | BH155: 0 | BI155: 0 | BJ155: 0 | BK155: 0 | BL155: 0 | BM155: 0 | BN155: 0 | BO155: 0 | BP155: =SUM($BO155,$BB155,$AO155,$AB155,$O155) -> 0
A156: D | B156: TOTAL EUROPE | C156: 1907 | D156: 3303 | E156: 3164 | F156: 5352 | G156: 5166 | H156: 5744 | I156: 3487 | J156: 2156 | K156: 3049 | L156: 5881 | M156: 8669 | N156: 8028 | O156: 55906 | P156: 7506 | Q156: 8624 | R156: 16619 | S156: 35467 | T156: 56801 | U156: 72976 | V156: 122413 | W156: 146514 | X156: 126646 | Y156: 133678 | Z156: 109370 | AA156: 123796 | AB156: 960410 | AC156: 124386 | AD156: 124992 | AE156: 143154 | AF156: 152813 | AG156: 157874 | AH156: 152199 | AI156: 230434 | AJ156: 241947 | AK156: 205072 | AL156: 187839 | AM156: 134215 | AN156: 145634 | AO156: 2000559 | AP156: 144115 | AQ156: 155491 | AR156: 183972 | AS156: 196091 | AT156: 190305 | AU156: 173285 | AV156: 273682 | AW156: 282418 | AX156: 233153 | AY156: 216860 | AZ156: 158444 | BA156: 162927 | BB156: 2370743 | BC156: 153716 | BD156: 153007 | BE156: 168856 | BF156: 214879 | BG156: 192325 | BH156: 195583 | BI156: 297547 | BJ156: 310493 | BK156: 236942 | BL156: 216379 | BM156: 152689 | BN156: 164535 | BO156: 2456951
A157: 109 | B157: United States of America | C157: 1369 | D157: 1607 | E157: 1224 | F157: 1804 | G157: 2159 | H157: 2131 | I157: 2508 | J157: 1735 | K157: 1337 | L157: 2116 | M157: 2306 | N157: 1666 | O157: 21962 | P157: 2002 | Q157: 1878 | R157: 3410 | S157: 7115 | T157: 12455 | U157: 19178 | V157: 23330 | W157: 21786 | X157: 22353 | Y157: 23351 | Z157: 23731 | AA157: 28175 | AB157: 188764 | AC157: 22651 | AD157: 25512 | AE157: 30982 | AF157: 31617 | AG157: 35524 | AH157: 39340 | AI157: 41147 | AJ157: 35359 | AK157: 35268 | AL157: 34065 | AM157: 29658 | AN157: 31187 | AO157: 392310 | AP157: 27006 | AQ157: 31090 | AR157: 39125 | AS157: 33869 | AT157: 36732 | AU157: 40025 | AV157: 41315 | AW157: 36925 | AX157: 33681 | AY157: 33465 | AZ157: 31602 | BA157: 31048 | BB157: 415883 | BC157: 29445 | BD157: 27373 | BE157: 34064 | BF157: 35776 | BG157: 35012 | BH157: 42727 | BI157: 41198 | BJ157: 34428 | BK157: 33392 | BL157: 33168 | BM157: 31008 | BN157: 34524 | BO157: 412115 | BP157: =SUM($BO157,$BB157,$AO157,$AB157,$O157) -> 1431034
A158: 110 | B158: Canada | C158: 14 | D158: 76 | E158: 76 | F158: 127 | G158: 127 | H158: 137 | I158: 71 | J158: 21 | K158: 64 | L158: 166 | M158: 210 | N158: 153 | O158: 1242 | P158: 175 | Q158: 168 | R158: 523 | S158: 1312 | T158: 2451 | U158: 2589 | V158: 3241 | W158: 3891 | X158: 4522 | Y158: 5432 | Z158: 5812 | AA158: 5926 | AB158: 36042 | AC158: 6561 | AD158: 7787 | AE158: 7780 | AF158: 7044 | AG158: 7937 | AH158: 5972 | AI158: 6720 | AJ158: 5600 | AK158: 7104 | AL158: 7473 | AM158: 6854 | AN158: 6864 | AO158: 83696 | AP158: 7277 | AQ158: 8522 | AR158: 8707 | AS158: 7490 | AT158: 7769 | AU158: 5440 | AV158: 6749 | AW158: 6381 | AX158: 7042 | AY158: 7741 | AZ158: 7131 | BA158: 7632 | BB158: 87881 | BC158: 9092 | BD158: 8550 | BE158: 9286 | BF158: 8725 | BG158: 8386 | BH158: 6334 | BI158: 7690 | BJ158: 7117 | BK158: 7768 | BL158: 8304 | BM158: 7840 | BN158: 8466 | BO158: 97558 | BP158: =SUM($BO158,$BB158,$AO158,$AB158,$O158) -> 306419
A159: 111 | B159: Brazilia | C159: 45 | D159: 56 | E159: 84 | F159: 117 | G159: 111 | H159: 136 | I159: 60 | J159: 24 | K159: 41 | L159: 79 | M159: 114 | N159: 85 | O159: 952 | P159: 126 | Q159: 112 | R159: 238 | S159: 651 | T159: 1355 | U159: 1663 | V159: 1729 | W159: 1956 | X159: 1863 | Y159: 1720 | Z159: 1325 | AA159: 2117 | AB159: 14855 | AC159: 1701 | AD159: 1616 | AE159: 1876 | AF159: 2608 | AG159: 2707 | AH159: 2754 | AI159: 2523 | AJ159: 2881 | AK159: 3014 | AL159: 2515 | AM159: 2079 | AN159: 3223 | AO159: 29497 | AP159: 2170 | AQ159: 2091 | AR159: 2594 | AS159: 2632 | AT159: 3156 | AU159: 2725 | AV159: 2960 | AW159: 2917 | AX159: 3122 | AY159: 2487 | AZ159: 2279 | BA159: 2824 | BB159: 31957 | BC159: 2241 | BD159: 1788 | BE159: 2406 | BF159: 3089 | BG159: 3178 | BH159: 3115 | BI159: 2920 | BJ159: 3120 | BK159: 3320 | BL159: 3385 | BM159: 2441 | BN159: 3494 | BO159: 34497 | BP159: =SUM($BO159,$BB159,$AO159,$AB159,$O159) -> 111758
A160: 112 | B160: Kolombia | C160: 1 | D160: 9 | E160: 3 | F160: 7 | G160: 15 | H160: 19 | I160: 5 | J160: 3 | K160: 8 | L160: 6 | M160: 15 | N160: 5 | O160: 96 | P160: 14 | Q160: 22 | R160: 25 | S160: 92 | T160: 184 | U160: 314 | V160: 265 | W160: 528 | X160: 484 | Y160: 579 | Z160: 755 | AA160: 730 | AB160: 3992 | AC160: 919 | AD160: 1325 | AE160: 1172 | AF160: 1134 | AG160: 1185 | AH160: 825 | AI160: 965 | AJ160: 1168 | AK160: 1386 | AL160: 1399 | AM160: 1501 | AN160: 1593 | AO160: 14572 | AP160: 1473 | AQ160: 1325 | AR160: 1596 | AS160: 1200 | AT160: 1271 | AU160: 990 | AV160: 966 | AW160: 1035 | AX160: 1049 | AY160: 1227 | AZ160: 1203 | BA160: 1335 | BB160: 14670 | BC160: 1175 | BD160: 1120 | BE160: 1467 | BF160: 1426 | BG160: 1372 | BH160: 1152 | BI160: 1073 | BJ160: 1106 | BK160: 1327 | BL160: 1542 | BM160: 1603 | BN160: 1682 | BO160: 16045 | BP160: =SUM($BO160,$BB160,$AO160,$AB160,$O160) -> 49375
A161: 113 | B161: Argentina | C161: 2 | D161: 4 | E161: 7 | F161: 17 | G161: 11 | H161: 14 | I161: 9 | J161: 2 | K161: 5 | L161: 6 | M161: 23 | N161: 14 | O161: 114 | P161: 17 | Q161: 27 | R161: 25 | S161: 90 | T161: 253 | U161: 319 | V161: 393 | W161: 502 | X161: 448 | Y161: 510 | Z161: 481 | AA161: 463 | AB161: 3528 | AC161: 833 | AD161: 697 | AE161: 802 | AF161: 871 | AG161: 918 | AH161: 931 | AI161: 837 | AJ161: 851 | AK161: 1006 | AL161: 858 | AM161: 838 | AN161: 880 | AO161: 10322 | AP161: 1275 | AQ161: 1070 | AR161: 930 | AS161: 1077 | AT161: 1023 | AU161: 851 | AV161: 882 | AW161: 879 | AX161: 1001 | AY161: 1000 | AZ161: 835 | BA161: 948 | BB161: 11771 | BC161: 1305 | BD161: 1076 | BE161: 1143 | BF161: 1210 | BG161: 1254 | BH161: 1015 | BI161: 924 | BJ161: 958 | BK161: 1127 | BL161: 1297 | BM161: 1036 | BN161: 869 | BO161: 13214 | BP161: =SUM($BO161,$BB161,$AO161,$AB161,$O161) -> 38949
A162: 114 | B162: Mexiko | C162: 2 | D162: 5 | E162: 9 | F162: 16 | G162: 16 | H162: 20 | I162: 12 | J162: 0 | K162: 4 | L162: 11 | M162: 23 | N162: 17 | O162: 135 | P162: 16 | Q162: 21 | R162: 54 | S162: 149 | T162: 251 | U162: 330 | V162: 551 | W162: 539 | X162: 713 | Y162: 828 | Z162: 845 | AA162: 795 | AB162: 5092 | AC162: 694 | AD162: 695 | AE162: 1026 | AF162: 1220 | AG162: 1052 | AH162: 1054 | AI162: 1241 | AJ162: 1038 | AK162: 1873 | AL162: 1323 | AM162: 1808 | AN162: 1317 | AO162: 14341 | AP162: 1051 | AQ162: 1099 | AR162: 1612 | AS162: 1193 | AT162: 1453 | AU162: 1123 | AV162: 1535 | AW162: 1112 | AX162: 1498 | AY162: 1513 | AZ162: 1813 | BA162: 1235 | BB162: 16237 | BC162: 876 | BD162: 993 | BE162: 1219 | BF162: 1734 | BG162: 1508 | BH162: 1354 | BI162: 1391 | BJ162: 1121 | BK162: 1529 | BL162: 1709 | BM162: 1925 | BN162: 1366 | BO162: 16725 | BP162: =SUM($BO162,$BB162,$AO162,$AB162,$O162) -> 52530
A163: 115 | B163: Chili | C163: 0 | D163: 2 | E163: 4 | F163: 7 | G163: 10 | H163: 18 | I163: 11 | J163: 0 | K163: 7 | L163: 6 | M163: 9 | N163: 17 | O163: 91 | P163: 17 | Q163: 21 | R163: 36 | S163: 75 | T163: 135 | U163: 169 | V163: 238 | W163: 244 | X163: 246 | Y163: 395 | Z163: 391 | AA163: 363 | AB163: 2330 | AC163: 493 | AD163: 823 | AE163: 726 | AF163: 725 | AG163: 823 | AH163: 688 | AI163: 659 | AJ163: 752 | AK163: 990 | AL163: 892 | AM163: 841 | AN163: 758 | AO163: 9170 | AP163: 874 | AQ163: 1191 | AR163: 904 | AS163: 1031 | AT163: 1011 | AU163: 814 | AV163: 840 | AW163: 778 | AX163: 957 | AY163: 815 | AZ163: 856 | BA163: 622 | BB163: 10693 | BC163: 864 | BD163: 1178 | BE163: 964 | BF163: 963 | BG163: 1012 | BH163: 825 | BI163: 780 | BJ163: 807 | BK163: 927 | BL163: 860 | BM163: 800 | BN163: 732 | BO163: 10712 | BP163: =SUM($BO163,$BB163,$AO163,$AB163,$O163) -> 32996
A164: 116 | B164: Central America | C164: 8 | D164: 3 | E164: 8 | F164: 8 | G164: 9 | H164: 13 | I164: 4 | J164: 6 | K164: 5 | L164: 3 | M164: 6 | N164: 14 | O164: 87 | P164: 10 | Q164: 9 | R164: 18 | S164: 42 | T164: 65 | U164: 62 | V164: 56 | W164: 79 | X164: 62 | Y164: 128 | Z164: 85 | AA164: 101 | AB164: 717 | AC164: 102 | AD164: 116 | AE164: 143 | AF164: 128 | AG164: 120 | AH164: 140 | AI164: 185 | AJ164: 169 | AK164: 158 | AL164: 262 | AM164: 227 | AN164: 146 | AO164: 1896 | AP164: 123 | AQ164: 143 | AR164: 188 | AS164: 130 | AT164: 170 | AU164: 115 | AV164: 146 | AW164: 162 | AX164: 178 | AY164: 177 | AZ164: 207 | BA164: 152 | BB164: 1891 | BC164: 130 | BD164: 120 | BE164: 139 | BF164: 251 | BG164: 169 | BH164: 175 | BI164: 125 | BJ164: 177 | BK164: 184 | BL164: 209 | BM164: 216 | BN164: 200 | BO164: 2095 | BP164: =SUM($BO164,$BB164,$AO164,$AB164,$O164) -> 6686
...

Sheet Tabel Bantuan
A1: Jumlah Kunjungan Wisatawan Mancanegara per bulan ke Indonesia Menurut Pintu Masuk 2021-2025 | J1: Jumlah Kunjungan Wisatawan Mancanegara per bulan ke Indonesia Menurut Kebangsaan (Kunjungan)
A2: Indeks | B2: 1 | J2: Indeks | K2: 2
A3: Pintu Masuk | B3: =IF(MATCH('Tabel Bantuan'!B4,Data!B6:B21,0),"Udara",IF(MATCH('Tabel Bantuan'!B4,Data!B23:B29,0),"Laut","Darat")) -> Udara | F3: Total Wisatawan | J3: Benua | K3: =VLOOKUP('Tabel Bantuan'!K2,'Tabel Bantuan'!I11:J17,2,FALSE) -> ASIA (Excl. Asean) | M3: Tota Wisatawan | P3: Total Kebangsaan
A4: Nama Pintu | B4: =VLOOKUP('Tabel Bantuan'!B2,Data!A5:B36,2,FALSE) -> Ngurah Rai | F4: =SUM(B8:D12) -> 48397710 | M4: =SUM(Data!O289,Data!AB289,Data!AO289,Data!BB289,Data!BO289) -> 48397710 | P4: =COUNTA(Data!B45:B288)-COUNTA(J11:J17) -> 237
J5: Indeks | K5: 1
A6: Total Kunjungan Pintu Masuk Per-Tahun (2021-2025) | F6: Pintu Masuk Paling Sering Digunakan | J6: Kebangsaan | K6: =VLOOKUP('Tabel Bantuan'!K5,Data!A45:B287,2,FALSE) -> Malaysia
F7: =INDEX(B16:D16,MATCH(MAX(B22:D22),B22:D22,0)) -> Pintu Udara
A8: 2021 | B8: =Data!O39 -> 1557530 | J8: Total Wisatawan Berdasarkan Benua (2021-2025) | P8: Jumlah
A9: 2022 | B9: =Data!AB39 -> 5889031 | F9: Total Kunjungan Berdasarkan Pintu Masuk
A10: 2023 | B10: =Data!AO39 -> 11677825 | J10: Tahun | K10: 2021 | L10: 2022 | M10: 2023 | N10: 2024 | O10: 2025
A11: 2024 | B11: =Data!BB39 -> 13886678 | F11: Tahun | G11: =B32 -> 2025 | I11: 1 | J11: ASEAN | K11: =Data!O56 -> 1347714 | L11: =Data!AB56 -> 3111878 | M11: =Data!AO56 -> 4977336 | N11: =Data!BB56 -> 5572869 | O11: =Data!BO56 -> 6356941 | P11: =SUM($K11:$O11) -> 21366738
A12: 2025 | B12: =Data!BO39 -> 15386646 | I12: 2 | J12: ASIA (Excl. Asean) | K12: =Data!O80 -> 85353 | L12: =Data!AB80 -> 722608 | M12: =Data!AO80 -> 2254077 | N12: =Data!BB80 -> 3069060 | O12: =Data!BO80 -> 3498891 | P12: =SUM($K12:$O12) -> 9629989
F13: Pintu Masuk | G13: Jumlah | I13: 3 | J13: MIDDLE EAST | K13: =Data!O97 -> 5639 | L13: =Data!AB97 -> 81834 | M13: =Data!AO97 -> 181558 | N13: =Data!BB97 -> 224428 | O13: =Data!BO97 -> 260098 | P13: =SUM($K13:$O13) -> 753557 | S13: Total Wisatawan Berdasarkan Benua
A14: Total Kunjungan Berdasarkan Pintu Masuk Per-Tahun (2021-2025) | F14: Pintu Udara | G14: =VLOOKUP($B$32,$A$16:$D$21,2,FALSE) -> 10819291 | I14: 4 | J14: EUROPE | K14: =Data!O156 -> 55906 | L14: =Data!AB156 -> 960410 | M14: =Data!AO156 -> 2000559 | N14: =Data!BB156 -> 2370743 | O14: =Data!BO156 -> 2456951 | P14: =SUM($K14:$O14) -> 7844569 | S14: Benua | T14: ='Tabel Bantuan'!K3 -> ASIA (Excl. Asean)
F15: Pintu Laut | G15: =VLOOKUP($B$32,$A$16:$D$21,3,FALSE) -> 3028847 | I15: 5 | J15: AMERICA | K15: =Data!O204 -> 25073 | L15: =Data!AB204 -> 260095 | M15: =Data!AO204 -> 566883 | N15: =Data!BB204 -> 603300 | O15: =Data!BO204 -> 615801 | P15: =SUM($K15:$O15) -> 2071152
A16: Tahun | B16: Pintu Udara | C16: Pintu Laut | D16: Pintu Darat | F16: Pintu Darat | G16: =VLOOKUP($B$32,$A$16:$D$21,4,FALSE) -> 1538508 | I16: 6 | J16: OCEANIA | K16: =Data!O227 -> 35504 | L16: =Data!AB227 -> 722524 | M16: =Data!AO227 -> 1625760 | N16: =Data!BB227 -> 1957643 | O16: =Data!BO227 -> 2094440 | P16: =SUM($K16:$O16) -> 6435871 | S16: Tahun | T16: Jumlah Wisman
A17: 2021 | B17: =Data!O5 -> 137242 | C17: =Data!O22 -> 415472 | D17: =Data!O30 -> 1004816 | E17: =SUM($B17:$D17) -> 1557530 | F17: Total | G17: =SUM('Tabel Bantuan'!G14:H16) -> 15386646 | I17: 7 | J17: AFRICA | K17: =Data!O288 -> 2341 | L17: =Data!AB288 -> 29682 | M17: =Data!AO288 -> 71652 | N17: =Data!BB288 -> 88635 | O17: =Data!BO288 -> 103524 | P17: =SUM($K17:$O17) -> 295834 | S17: 2021 | T17: =VLOOKUP('Tabel Bantuan'!$K$3,'Tabel Bantuan'!$J$11:$O$17,$I$11+1,FALSE) -> 85353
A18: 2022 | B18: =Data!AB5 -> 3296026 | C18: =Data!AB22 -> 1726836 | D18: =Data!AB30 -> 866169 | E18: =SUM($B18:$D18) -> 5889031 | S18: 2022 | T18: =VLOOKUP('Tabel Bantuan'!$K$3,'Tabel Bantuan'!$J$11:$O$17,$I$11+2,FALSE) -> 722608
A19: 2023 | B19: =Data!AO5 -> 7972651 | C19: =Data!AO22 -> 2704377 | D19: =Data!AO30 -> 1000797 | E19: =SUM($B19:$D19) -> 11677825 | F19: Total Wisatawan Berdasarkan Benua | J19: Negara Penyumbang Wisatawan Mancanegara Terbanyak | S19: 2023 | T19: =VLOOKUP('Tabel Bantuan'!$K$3,'Tabel Bantuan'!$J$11:$O$17,$I$11+3,FALSE) -> 2254077
A20: 2024 | B20: =Data!BB5 -> 9830550 | C20: =Data!BB22 -> 2774905 | D20: =Data!BB30 -> 1281223 | E20: =SUM($B20:$D20) -> 13886678 | F20: Tahun | G20: =B32 -> 2025 | J20: =INDEX(Data!B45:B287,MATCH(MAX(Data!BP45:BP287),Data!BP45:BP287,0)) -> Malaysia | S20: 2024 | T20: =VLOOKUP('Tabel Bantuan'!$K$3,'Tabel Bantuan'!$J$11:$O$17,$I$11+4,FALSE) -> 3069060
A21: 2025 | B21: =Data!BO5 -> 10819291 | C21: =Data!BO22 -> 3028847 | D21: =Data!BO30 -> 1538508 | E21: =SUM($B21:$D21) -> 15386646 | S21: 2025 | T21: =VLOOKUP('Tabel Bantuan'!$K$3,'Tabel Bantuan'!$J$11:$O$17,$I$11+5,FALSE) -> 3498891
A22: Total | B22: =SUM(B$17:B$21) -> 32055760 | C22: =SUM(C$17:C$21) -> 10650437 | D22: =SUM(D$17:D$21) -> 5691513 | E22: =SUM($B22:$D22) -> 48397710 | F22: Benua | G22: Jumlah | J22: Benua Penyumbang Wisatawan Mancanegara Terbanyak
F23: ASEAN | G23: =HLOOKUP($B$32,$J$10:$O$17,2,FALSE) -> 6356941 | J23: =INDEX('Tabel Bantuan'!J11:J17,MATCH(MAX('Tabel Bantuan'!P11:P17),'Tabel Bantuan'!P11:P17,0)) -> ASEAN | S23: Total Wisatawan Berdasarkan Benua
A24: No | B24: Tahun | F24: ASIA (Excl. Asean) | G24: =HLOOKUP($B$32,$J$10:$O$17,3,FALSE) -> 3498891 | S24: =SUM('Tabel Bantuan'!T17:U21) -> 9629989
A25: 1 | B25: 2021 | F25: MIDDLE EAST | G25: =HLOOKUP($B$32,$J$10:$O$17,4,FALSE) -> 260098 | J25: 10 Negara dengan kunjungan terbanyak
A26: 2 | B26: 2022 | F26: EUROPE | G26: =HLOOKUP($B$32,$J$10:$O$17,5,FALSE) -> 2456951 | J26: Negara | K26: Wisman
A27: 3 | B27: 2023 | F27: AMERICA | G27: =HLOOKUP($B$32,$J$10:$O$17,6,FALSE) -> 615801 | J27: {=INDEX(Data!B45:B287,MATCH('Tabel Bantuan'!K27:K36,'Tabel Bantuan'!K27:K36,0))} -> Malaysia | K27: {=_xlfn.TAKE(_xlfn._xlws.SORT(Data!BP45:BP287,1,-1),10)} -> 8504844
A28: 4 | B28: 2024 | F28: OCEANIA | G28: =HLOOKUP($B$32,$J$10:$O$17,7,FALSE) -> 2094440 | J28: Singapore | K28: 5515700
A29: 5 | B29: 2025 | F29: AFRICA | G29: =HLOOKUP($B$32,$J$10:$O$17,8,FALSE) -> 103524 | J29: Timor Leste | K29: 5101684
J30: Indonesia | K30: 4047181
A31: Indeks | B31: 5 | F31: Nama Pintu Masuk Paling Banyak Digunakan | J31: Philippines | K31: 3553623
A32: Tahun | B32: =VLOOKUP(B31,A25:B29,2,FALSE) -> 2025 | F32: =INDEX(Data!B6:B36,MATCH(MAX(Data!BP6:BP36),Data!BP6:BP36,0)) -> Ngurah Rai | J32: Thailand | K32: 2339620
J33: Vietnam | K33: 1845963
F34: Jalur Pintu Masuk yang Banyak Digunakan | J34: Myanmar/Burma | K34: 1431034
F35: =INDEX('Tabel Bantuan'!F14:F16, MATCH(MAX('Tabel Bantuan'!G14:G16), 'Tabel Bantuan'!G14:G16, 0)) -> Pintu Udara | J35: Brunei Darussalam | K35: 1411740
J36: Kamboja | K36: 1315975
A46: Pertumbuhan Pertahun
A47: =B32 -> 2025 | B47: =VLOOKUP(B32,A17:E21,5,FALSE) -> 15386646
A48: =A47-1 -> 2024 | B48: =VLOOKUP((B32-1),A17:E21,5,FALSE) -> 13886678
A49: Pertumbuhan | B49: =('Tabel Bantuan'!B47-'Tabel Bantuan'!B48)/'Tabel Bantuan'!B48 -> 0.10801489
B50: =IF('Tabel Bantuan'!B49>0, "Naik " & TEXT('Tabel Bantuan'!B49, "0,0%"), IF('Tabel Bantuan'!B49<0, "Turun " & TEXT(ABS('Tabel Bantuan'!B49), "0,0%"), "Tetap")) -> Naik 10,8%

Sheet Dashboard
B2: Dashboard Kinerja Pariwisata Nasional: Arus Wisatawan Mancanegara (2021-2025)
I5: Total Negara (Negara)
I6: =COUNTA(Data!B45:B288)-COUNTA(J11:J17) -> 244
I9: Total Wisatawan (Orang)
I10: =SUM(Data!O289,Data!AB289,Data!AO289,Data!BB289,Data!BO289) -> 48397710
I13: Nama Pintu Masuk Paling Sering Digunakan
I15: =INDEX(Data!B6:B36,MATCH(MAX(Data!BP6:BP36),Data!BP6:BP36,0)) -> Ngurah Rai
B17: Dinamika Tren Tahunan Wisatawan Mancanegara (2021-2025)
J19: Total Wisatawan Mancanegara (Orang)
J21: =SUM('Tabel Bantuan'!G14:H16) -> 15386646
J25: Pertumbuhan Tahunan
J27: =IF('Tabel Bantuan'!B49>0, "Naik " & TEXT('Tabel Bantuan'!B49, "0,0%"), IF('Tabel Bantuan'!B49<0, "Turun " & TEXT(ABS('Tabel Bantuan'!B49), "0,0%"), "Tetap")) -> Naik 10,8%

Sheet Penjelasan
A1: Dashboard Kinerja Pariwisata Nasional: Arus Wisatawan Mancanegara (2021-2025)
A2: 1.Data yang Digunakan Dashboard ini dibangun menggunakan dua sumber data utama dari periode 2021 hingga 2025 yang saling melengkapi untuk memberikan gambaran menyeluruh mengenai sektor pariwisata nasional. Data pertama adalah "Jumlah Kunjungan Wisatawan Mancanegara per bulan ke Indonesia Menurut Pintu Masuk 2021-2025 (Kunjungan)", yang menyajikan rincian volume kedatangan wisatawan setiap bulannya di tiap tahun. Data ini sangat mendalam karena mengklasifikasikan kunjungan berdasarkan kategori pintu masuk, yaitu Pintu Udara, Pintu Laut, dan Pintu Darat, lengkap dengan nama-nama titik masuk spesifik (seperti Bandara Ngurah Rai) serta kategori "Lainnya" untuk mencakup titik-titik masuk kecil yang tidak disebutkan satu per satu secara eksplisit. Data kedua adalah "Jumlah Kunjungan Wisatawan Mancanegara per bulan ke Indonesia Menurut Kebangsaan (Kunjungan)" yang juga menyajikan data bulanan selama lima tahun terakhir. Data ini memuat informasi mengenai seluruh kebangsaan wisatawan mancanegara yang berkunjung ke Indonesia, yang kemudian dikelompokkan berdasarkan Region atau Kawasan, seperti ASEAN, Asia (Excl. ASEAN), Europe, America, Oceania, Middle East, hingga Africa. 2. Tujuan Dashboard: Dashboard ini berfungsi sebagai alat pemantauan kinerja sektor pariwisata nasional, khusus berfokus pada Arus Wisatawan Mancanegara (Wisman) yang masuk ke wilayah Indonesia selama periode 5 tahun, yaitu tahun 2021 hingga 2025. Dashboard ini dibagi menjadi dua bagian utama, bagian atas (tema biru) menampilkan ringkasan total atau akumulasi data selama 5 tahun penuh (2021-2025).Bagian Bawah (Tema Hijau) menampilkan dinamika atau tren yang bisa difilter per tahun (interaktif). Pada gambar ini, data sedang memfilter khusus kondisi di tahun 2025. 3. Penjelasan - Bagian Atas (Static Dashboard) Bagian ini memberikan pandangan luas mengenai apa yang terjadi selama 5 tahun terakhir. Total Negara (244 Negara): Selama periode 2021-2025, Indonesia berhasil menarik wisatawan yang berasal dari 244 negara yang berbeda. Ini menunjukkan jangkauan pariwisata Indonesia yang sangat luas di skala global. Total Wisatawan (48.397.710 Orang): Ini adalah angka akumulasi. Selama 5 tahun tersebut, total ada lebih dari 48,3 juta kunjungan wisatawan mancanegara. Pintu Masuk Paling Sering Digunakan (Ngurah Rai): Bandara Internasional I Gusti Ngurah Rai di Bali menjadi gerbang utama dan paling sibuk yang menerima kedatangan wisman selama 5 tahun terakhir. Grafik Batang (10 Negara Penyumbang Wisatawan Terbanyak): Grafik ini menunjukkan negara apa yang sering melakukan wisata ke Indonesia. Malaysia menduduki peringkat pertama dengan jumlah yang sangat signifikan (mencapai lebih dari 8 juta kunjungan), disusul oleh Singapura dan Timor Leste. Menariknya, 10 besar negara ini didominasi oleh negara-negara tetangga di kawasan Asia Tenggara (ASEAN). (Catatan Analitis: Di grafik ini terdapat "Indonesia" sebagai salah satu penyumbang. Dalam konteks data BPS/Pariwisata, ini biasanya merujuk pada WNI yang berdomisili di luar negeri atau pekerja migran yang kembali, yang dalam pencatatan tertentu masuk ke dalam arus lalu lintas internasional). - Bagian Bawah (Dynamic Dashboard) Bagian ini terdapat menu slicer (kotak pilihan tahun di sebelah kiri) yang saat ini sedang diklik pada angka 2025. Artinya, semua data di area berwarna hijau ini hanya merepresentasikan performa di tahun 2025 saja. Tahun 2021: Titik Awal (Baseline) Total Wisatawan: 1.557.530 orang. Ini adalah angka terendah dalam periode 5 tahun ini (sangat wajar mengingat pada tahun ini dunia masih sangat terdampak pembatasan pandemi global). Pertumbuhan Tahunan: Ditampilkan #N/A (Not Available) karena 2021 adalah tahun pertama dalam rentang data dashboard ini, sehingga tidak ada data tahun 2020 untuk dibandingkan. Kawasan Paling Dominan: Hampir seluruh wisatawan yang masuk hanya berasal dari kawasan ASEAN (sedikit di atas angka 1 juta). Wisatawan dari benua lain (Eropa, Amerika, Oceania) nyaris tidak ada atau sangat minim. Jalur Pintu Masuk: Pintu Udara (hijau tua) tetap paling banyak, tapi proporsi Pintu Laut (hijau muda) terlihat cukup lumayan dibandingkan tahun-tahun setelahnya. Tahun 2022: Fase Kebangkitan Luar Biasa (Rebound) Total Wisatawan: Melesat tajam menjadi 5.889.031 orang. Pertumbuhan Tahunan: Meroket Naik 278,1%. Ini adalah persentase pertumbuhan tertinggi selama 5 tahun. Menandakan perbatasan negara sudah mulai dibuka secara masif. Kawasan Paling Dominan: ASEAN ikut melonjak hingga menyentuh angka 3 juta kunjungan. Wisatawan dari Asia (di luar ASEAN) dan Eropa grafiknya mulai terlihat naik secara signifikan. Jalur Pintu Masuk: Dominasi Pintu Udara (bandara) mulai membesar dan "memakan" proporsi pie chart Pintu Laut dan Darat, menandakan penerbangan internasional sudah kembali beroperasi normal. Tahun 2023: Fase Akselerasi (Percepatan) Total Wisatawan: Berhasil menembus dua digit, yaitu 11.677.825 orang. Pertumbuhan Tahunan: Masih sangat tinggi di angka Naik 98,3% (hampir dua kali lipat dari tahun 2022). Kawasan Paling Dominan: Angkanya semakin merata. ASEAN menyentuh hampir 5 juta orang. Kawasan Asia (di luar ASEAN), Eropa, dan Oceania kini secara konsisten menyumbang angka di atas 1,5 hingga 2 juta kunjungan. Jalur Pintu Masuk: Potongan pie chart untuk Pintu Udara (hijau tua) semakin mendominasi secara absolut. Tahun 2024: Fase Pertumbuhan Stabil Total Wisatawan: Terus bertumbuh menjadi 13.886.678 orang. Pertumbuhan Tahunan: Angkanya melandai menjadi Naik 18,9%. Penurunan persentase ini adalah hal yang sangat normal dan sehat dalam statistik. Karena angka dasarnya (tahun 2023) sudah sangat besar, pertumbuhan tidak lagi ratusan persen, melainkan masuk ke fase stabil. Kawasan Paling Dominan: Seluruh metrik kawasan menunjukkan grafik yang naik. ASEAN melewati angka 5,5 juta, sementara Eropa dan Oceania bersaing ketat di angka sekitar 2 juta kunjungan. Tahun 2025: Puncak Pemulihan Total Wisatawan: Mencapai angka tertinggi selama periode 5 tahun, yaitu 15.386.646 orang. Pertumbuhan Tahunan: Stabil di angka Naik 10,8%. Kawasan Paling Dominan: ASEAN kokoh sebagai raja dengan lebih dari 6 juta kunjungan. Kawasan Asia (di luar ASEAN) berada di posisi kedua (sekitar 3,5 juta), disusul Eropa dan Oceania. Jalur Pintu Masuk: Pintu Udara menjadi gerbang mutlak penyokong pariwisata nasional, menyisakan porsi yang jauh lebih kecil untuk Pintu Laut dan Darat. 4. Kesimpulan / Insight dari Dashboard Pariwisata Indonesia selama 2021-2025 sangat bergantung pada pasar regional, khususnya negara-negara ASEAN seperti Malaysia dan Singapura. Mayoritas wisatawan masuk melalui jalur udara dengan Bali (Ngurah Rai) sebagai primadona utama. Kabar baiknya, tren pariwisata kita bergerak ke arah yang positif, dibuktikan dengan pertumbuhan kunjungan sebesar 10,8% pada tahun 2025 yang berhasil menembus angka 15,3 juta kunjungan
